,Unnamed: 0,Unnamed: 0.1,id,conversation_id,created_at,date,timezone,place,text,hashtags,cashtags,user_id,user_id_str,username,name,day,hour,link,retweet,nlikes,nreplies,nretweets,quote_url,search,near,geo,source,user_rt_id,user_rt,retweet_id,reply_to,retweet_date,translate,trans_src,trans_dest,tweet,labels
1015,1015,1015,1.26317e+18,1.26317e+18,1590000000000.0,20-05-2020 23:51,530,,"âThere is always a ð¡ð¢ðððð§ ð¨ð©ð©ð¨ð«ð­ð®ð§ð¢ð­ð² in ð­ð¨ð®ð ð¡ ð­ð¢ð¦ðð¬.â Iâm happy to use it in learning new skills and updating my profile.

#ððð®ð«ðð¯ðð¢ðððð­ #ðð¨ð¨ð ð¥ððð¢ð ð¢ð­ðð¥ðð§ð¥ð¨ðð¤ðð #RJGaurrav #DigitalMarketing #Google #Lockdown #learning pic.twitter.com/E9cLqdxVnA","['#ððð®ð«ðð¯ðð¢ðððð­', '#ðð¨ð¨ð ð¥ððð¢ð ð¢ð­ðð¥ðð§ð¥ð¨ðð¤ðð', '#rjgaurrav', '#digitalmarketing', '#google', '#lockdown', '#learning']",[],83611354.0,83611354.0,IndoreKaGaurav,RJ Gaurrav- Stay Safe ð®ð³,3,23,https://twitter.com/IndoreKaGaurav/status/1263173088813805568,False,2,0,1,,(corona OR coronavirus OR covid OR pandemic OR lockdown OR quarantine OR covid-19 OR ppe),,"28.5934,77.2223,2000km",,,,,"[{'user_id': '83611354', 'username': 'IndoreKaGaurav'}]",,,,,alway   happi   use   learn   new   skill   updat   profil   rjgaurrav   digitalmarket   googl   lockdown   learn  ,1
1663,1663,1663,1.26353e+18,1.26353e+18,1590080000000.0,21-05-2020 23:18,530,,"#learning_experent_lockdown_chicken_Tandoori
It was classssyy... pic.twitter.com/Akdi0g4Zrp",['#learning_experent_lockdown_chicken_tandoori'],[],8.88047e+17,8.88047e+17,Rashmi_R89,Rashmi Ranjan,4,23,https://twitter.com/Rashmi_R89/status/1263527190173384705,False,4,1,1,,(corona OR coronavirus OR covid OR pandemic OR lockdown OR quarantine OR covid-19 OR ppe),,"28.5934,77.2223,2000km",,,,,"[{'user_id': '888046695786754048', 'username': 'Rashmi_R89'}]",,,,,learn   exper   lockdown   chicken   tandoori   classyy  ,1
745,745,745,1.2628e+18,1.2628e+18,1589910000000.0,19-05-2020 22:57,530,,"5g has higher speeds but has a Lower range, this may affect the QOS.
#5g #5G #ElonMusk #spacex #AI #ArtificialIntelligence #MachineLearning #programming #electronics #networkarchitechture #Covid_19 #ruraldevelopment","['#5g', '#5g', '#elonmusk', '#spacex', '#ai', '#artificialintelligence', '#machinelearning', '#programming', '#electronics', '#networkarchitechture', '#covid_19', '#ruraldevelopment']",[],1.26091e+18,1.26091e+18,SaumitPradhan,Aatmanirbhar Saumit,2,22,https://twitter.com/SaumitPradhan/status/1262797001051320321,False,2,0,0,,(corona OR coronavirus OR covid OR pandemic OR lockdown OR quarantine OR covid-19 OR ppe),,"28.5934,77.2223,2000km",,,,,"[{'user_id': '1260911888575037441', 'username': 'SaumitPradhan'}]",,,,,g   higher   speed   lower   rang   may   affect   qo   g   g   elonmusk   spacex   ai   artificialintellig   machinelearn   program   electron   networkarchitechtur   covid   ruraldevelop  ,-1
1353,1353,1353,1.26315e+18,1.26315e+18,1589990000000.0,20-05-2020 22:14,530,,"Attended âCOVID-19: Combining crowdsourcing and AI to tackle the pandemic"" #Innovation factory Webinar series #001  today at 6:00pm #AIforGood #ArtificialIntelligence @pkdhillon08 pic.twitter.com/WTuGwhY3ea","['#innovation', '#aiforgood', '#artificialintelligence']",[],2686860253.0,2686860253.0,charuchhabra2,Charu Chhabra,3,22,https://twitter.com/charuchhabra2/status/1263148694922199041,False,11,0,3,,(corona OR coronavirus OR covid OR pandemic OR lockdown OR quarantine OR covid-19 OR ppe),,"28.5934,77.2223,2000km",,,,,"[{'user_id': '2686860253', 'username': 'charuchhabra2'}, {'user_id': '1346712037', 'username': 'pkdhillon08'}]",,,,,attend   covid   combin   crowdsourc   ai   tackl   pandem   innov   factori   webinar   seri   today   pm   aiforgood   artificialintellig  ,-1
2377,2377,2377,1.26388e+18,1.26388e+18,1590170000000.0,22-05-2020 22:53,530,Dubai,"#Honoured sharing the space with legendary artists by trying to support the Daily Wage Earners affected by COVID-19. Thanks @ArtistAloud for having DHRUV on board. May 31st, 6pm onwards
#DHRUV #Hungama #ArtistAloud #StayAtHome #IndependentTogether #KETTO  https://www.ketto.org/fundraiser/HungamaArtistAloudÂ â¦ pic.twitter.com/WeABvXEkgv â at Dubai","['#honoured', '#dhruv', '#hungama', '#artistaloud', '#stayathome', '#independenttogether', '#ketto']",[],2373480384.0,2373480384.0,Dhruv_theband,Band DHRUV,5,22,https://twitter.com/Dhruv_theband/status/1263883098040741889,False,0,0,0,,(corona OR coronavirus OR covid OR pandemic OR lockdown OR quarantine OR covid-19 OR ppe),,"28.5934,77.2223,2000km",,,,,"[{'user_id': '2373480384', 'username': 'Dhruv_theband'}, {'user_id': '72544065', 'username': 'ArtistAloud'}]",,,,,honour   share   space   legendari   artist   tri   support   daili   wage   earner   affect   covid   thank   dhruv   board   may   st   pm   onward   dhruv   hungama   artistaloud   stayathom   independenttogeth   ketto   dubai  ,-1
2600,2600,2600,1.26387e+18,1.26387e+18,1590160000000.0,22-05-2020 21:49,530,,"Everything is an art ð¥°
@NestleIndia @PicsArtStudio
#photooftheday #photograghy #lockdown #reflection #art pic.twitter.com/gl7or02Gbg","['#photooftheday', '#photograghy', '#lockdown', '#reflection', '#art']",[],2754133384.0,2754133384.0,Naizilrodrigues,Naizil Rodrigues,5,21,https://twitter.com/Naizilrodrigues/status/1263867170079084544,False,6,1,0,,(corona OR coronavirus OR covid OR pandemic OR lockdown OR quarantine OR covid-19 OR ppe),,"28.5934,77.2223,2000km",,,,,"[{'user_id': '2754133384', 'username': 'Naizilrodrigues'}, {'user_id': '942799489', 'username': 'NestleIndia'}, {'user_id': '448641255', 'username': 'PicsArtStudio'}]",,,,,everyth   art   photooftheday   photograghi   lockdown   reflect   art  ,0
3560,3560,3560,1.26461e+18,1.26461e+18,1590340000000.0,24-05-2020 23:08,530,,"#à¤®à¤¹à¤¾à¤°à¤¾à¤·à¥à¤à¥à¤°_à¤ªà¥à¤²à¥à¤¸
#maharashtrapolice
#indiafightscorona
#coronavirus
#à¤à¥à¤°à¥à¤¨à¤¾

Follow : @swamicreationpu
#photoediting #graphic #art #design #illustration #artist #creative #artwork #logo #graphics #designerâ¦  https://www.instagram.com/p/CAlEs7lHumA/?igshid=1uk8tsi5xl328Â â¦","['#à¤®à¤¹à¤¾à¤°à¤¾à¤·à¥à¤à¥à¤°_à¤ªà¥à¤²à¥à¤¸', '#maharashtrapolice', '#indiafightscorona', '#coronavirus', '#à¤à¥à¤°à¥à¤¨à¤¾', '#photoediting', '#graphic', '#art', '#design', '#illustration', '#artist', '#creative', '#artwork', '#logo', '#graphics', '#designer']",[],1.24267e+18,1.24267e+18,swamicreationpu,Swami Creation,7,23,https://twitter.com/swamicreationpu/status/1264611745244557312,False,0,0,0,,(corona OR coronavirus OR covid OR pandemic OR lockdown OR quarantine OR covid-19 OR ppe),,"28.5934,77.2223,2000km",,,,,"[{'user_id': '1242665411662852096', 'username': 'swamicreationpu'}]",,,,,maharashtrapolic   indiafightscorona   coronaviru   follow   photoedit   graphic   art   design   illustr   artist   creativ   artwork   logo   graphic   design  ,-1
4559,4559,4559,1.26496e+18,1.26496e+18,1590420000000.0,25-05-2020 21:55,530,,"A short #writeup discussing an unsubstantiated claim pertaining to #COVIDã¼19 and hot #water (written by @AdithyaVikramS1)

#COVID19 #coronavirus #misinformation #claim #medical #health #news #story #article #essay #hotwater #H2O #safety #writers #write https://link.medium.com/u8cXG2qpM6Â ","['#writeup', '#covidã¼19', '#water', '#covid19', '#coronavirus', '#misinformation', '#claim', '#medical', '#health', '#news', '#story', '#article', '#essay', '#hotwater', '#h2o', '#safety', '#writers', '#write']",[],1.24211e+18,1.24211e+18,MedXP1,Med_XP,1,21,https://twitter.com/MedXP1/status/1264955878945497105,False,2,1,2,,(corona OR coronavirus OR covid OR pandemic OR lockdown OR quarantine OR covid-19 OR ppe),,"28.5934,77.2223,2000km",,,,,"[{'user_id': '1242109191889674240', 'username': 'MedXP1'}, {'user_id': '1259762646636781569', 'username': 'AdithyaVikramS1'}]",,,,,short   writeup   discuss   unsubstanti   claim   pertain   covid   hot   water   written   covid   coronaviru   misinform   claim   medic   health   news   stori   articl   essay   hotwat   ho   safeti   writer   write  ,1
4800,4800,4800,1.26535e+18,1.26535e+18,1590520000000.0,26-05-2020 23:48,530,,"Charcoal portrait ð¤
Instagram: @K4kalakaar
#Artist #artwork #charcoalsketch #illustrator #portrait #drawing #artistsontwitter #artoninsta #instagram #Covid_19 #QuarantineLife #art #girl #GirlBoss #fashionillustration #ArtofLegends #sketch #artbook #girlsketch #figuredrawing pic.twitter.com/9TO5YtrxLJ","['#artist', '#artwork', '#charcoalsketch', '#illustrator', '#portrait', '#drawing', '#artistsontwitter', '#artoninsta', '#instagram', '#covid_19', '#quarantinelife', '#art', '#girl', '#girlboss', '#fashionillustration', '#artoflegends', '#sketch', '#artbook', '#girlsketch', '#figuredrawing']",[],1.163e+18,1.163e+18,K4kalakaar,Tanzeem Malik,2,23,https://twitter.com/K4kalakaar/status/1265346506573312000,False,2,0,0,,(corona OR coronavirus OR covid OR pandemic OR lockdown OR quarantine OR covid-19 OR ppe),,"28.5934,77.2223,2000km",,,,,"[{'user_id': '1163002970193051649', 'username': 'K4kalakaar'}]",,,,,charcoal   portrait   instagram   artist   artwork   charcoalsketch   illustr   portrait   draw   artistsontwitt   artoninsta   instagram   covid   quarantinelif   art   girl   girlboss   fashionillustr   artoflegend   sketch   artbook   girlsketch   figuredraw  ,0
6482,6482,6482,1.26605e+18,1.26605e+18,1590680000000.0,28-05-2020 22:05,530,,"Monkeying around ð #lockdown #art #monkey #rishikeshdiaries #ashram #beatlesashram #trans #india #travel #photographer #mobilephotography #wanderlust @ ""Beatles Ashram"", Rishikesh  https://www.instagram.com/p/CAvQryIDoyx/?igshid=o6y19mj5pp1fÂ â¦","['#lockdown', '#art', '#monkey', '#rishikeshdiaries', '#ashram', '#beatlesashram', '#trans', '#india', '#travel', '#photographer', '#mobilephotography', '#wanderlust']",[],57599689.0,57599689.0,prad2deep,pradeep kumar,4,22,https://twitter.com/prad2deep/status/1266045472977944578,False,0,0,0,,(corona OR coronavirus OR covid OR pandemic OR lockdown OR quarantine OR covid-19 OR ppe),,"28.5934,77.2223,2000km",,,,,"[{'user_id': '57599689', 'username': 'prad2deep'}]",,,,,monkey   around   lockdown   art   monkey   rishikeshdiari   ashram   beatlesashram   tran   india   travel   photograph   mobilephotographi   wanderlust   beatl   ashram   rishikesh  ,1
6841,6841,6841,1.26643e+18,1.26643e+18,1590780000000.0,29-05-2020 23:40,530,,Cutest actress of B-Town #AnanyaPandey shares quarantine time while doing painting @ananyapandayy #Bollywoodupdates #Bollywood #painting #drwaing #art pic.twitter.com/Os1cqutLxb,"['#ananyapandey', '#bollywoodupdates', '#bollywood', '#painting', '#drwaing', '#art']",[],8.31372e+17,8.31372e+17,bollyprestige,Bollywood Prestige,5,23,https://twitter.com/bollyprestige/status/1266431612478054401,False,11,1,10,,(corona OR coronavirus OR covid OR pandemic OR lockdown OR quarantine OR covid-19 OR ppe),,"28.5934,77.2223,2000km",,,,,"[{'user_id': '831371601857933313', 'username': 'bollyprestige'}, {'user_id': '1047428392428044289', 'username': 'ananyapandayy'}]",,,,,cutest   actress   b   town   ananyapandey   share   quarantin   time   paint   bollywoodupd   bollywood   paint   drwa   art  ,1
7006,7006,7006,1.26642e+18,1.26642e+18,1590770000000.0,29-05-2020 22:51,530,,"#lockdown hasn't allowed humans, but Penguinsð§ go on a field trip to a famous art museum for a day. Amazed by the curiousity they're showing to #arts https://www.insider.com/penguins-visit-art-museum-for-the-day-2020-5Â â¦","['#lockdown', '#arts']",[],1361243558.0,1361243558.0,venkteshbabu,Venktesh_VK,5,22,https://twitter.com/venkteshbabu/status/1266419425105924098,False,7,1,0,,(corona OR coronavirus OR covid OR pandemic OR lockdown OR quarantine OR covid-19 OR ppe),,"28.5934,77.2223,2000km",,,,,"[{'user_id': '1361243558', 'username': 'venkteshbabu'}]",,,,,lockdown   allow   human   penguin   go   field   trip   famou   art   museum   day   amaz   curious   show   art  ,1
7578,7578,7578,1.26679e+18,1.26679e+18,1590860000000.0,30-05-2020 23:04,530,,"Coming soon video 
#video #photo_dailydose #bohemianstyle #posterdesign #music #lockdown #covid_19
#musicdirector #musiclover #art #artist #photography #neverchange #rap #rapper #hiphop #hiphopartist #goodvibes #guitarloverð¸ #gamechanger #lockdown #lyricist #ilovemyself pic.twitter.com/a9Ta5emb7f","['#video', '#photo_dailydose', '#bohemianstyle', '#posterdesign', '#music', '#lockdown', '#covid_19', '#musicdirector', '#musiclover', '#art', '#artist', '#photography', '#neverchange', '#rap', '#rapper', '#hiphop', '#hiphopartist', '#goodvibes', '#guitarlover', '#gamechanger', '#lockdown', '#lyricist', '#ilovemyself']",[],1.24668e+18,1.24668e+18,evol_peed,Peed Evol,6,23,https://twitter.com/evol_peed/status/1266785118921752576,False,2,0,0,,(corona OR coronavirus OR covid OR pandemic OR lockdown OR quarantine OR covid-19 OR ppe),,"28.5934,77.2223,2000km",,,,,"[{'user_id': '1246682194635935744', 'username': 'evol_peed'}]",,,,,come   soon   video   video   photo   dailydos   bohemianstyl   posterdesign   music   lockdown   covid   musicdirector   musiclov   art   artist   photographi   neverchang   rap   rapper   hiphop   hiphopartist   goodvib   guitarlov   gamechang   lockdown   lyricist   ilovemyself  ,-1
8045,8045,8045,1.26676e+18,1.26676e+18,1590850000000.0,30-05-2020 21:18,530,,"#DelhiFightsCorona #delhilockdown #DelhiFightsCovid 

Special tribute #GraffArt #ArtistOnTwitter #artistsupport #artistoftheweek #artistsofinstagram 

For #Covid_19 front line #Warriors
#police #doctors #NurseTwitter #food #courier #Delivery , cleaning staff , news reporters pic.twitter.com/z2Vm3H0TXR","['#delhifightscorona', '#delhilockdown', '#delhifightscovid', '#graffart', '#artistontwitter', '#artistsupport', '#artistoftheweek', '#artistsofinstagram', '#covid_19', '#warriors', '#police', '#doctors', '#nursetwitter', '#food', '#courier', '#delivery']",[],1.04263e+18,1.04263e+18,JaggaJeevan,Jeevan Jagga,6,21,https://twitter.com/JaggaJeevan/status/1266758422961156096,False,0,0,0,,(corona OR coronavirus OR covid OR pandemic OR lockdown OR quarantine OR covid-19 OR ppe),,"28.5934,77.2223,2000km",,,,,"[{'user_id': '1042628341067464704', 'username': 'JaggaJeevan'}]",,,,,delhifightscorona   delhilockdown   delhifightscovid   special   tribut   graffart   artistontwitt   artistsupport   artistoftheweek   artistsofinstagram   covid   front   line   warrior   polic   doctor   nursetwitt   food   courier   deliveri   clean   staff   news   report  ,1
990,990,990,1.26278e+18,1.26278e+18,1589910000000.0,19-05-2020 22:09,530,,"Embracing a cloud-first strategy by adapting @autodesk applications such as BIM360 suite, has made SSHâs transition to remote working conditions both streamline and effective, ensuring business continuity. 
#SSH #SSHDesign #Architecture #Engineering #BIM360 #WFH #Covid_19  pic.twitter.com/xo3R2lXMf3","['#ssh', '#sshdesign', '#architecture', '#engineering', '#bim360', '#wfh', '#covid_19']",[],2524948207.0,2524948207.0,SSHDesign_,SSH DESIGN,2,22,https://twitter.com/SSHDesign_/status/1262784907182592005,False,1,1,0,,(corona OR coronavirus OR covid OR pandemic OR lockdown OR quarantine OR covid-19 OR ppe),,"28.5934,77.2223,2000km",,,,,"[{'user_id': '2524948207', 'username': 'SSHDesign_'}, {'user_id': '31957731', 'username': 'autodesk'}]",,,,,embrac   cloud   first   strategi   adapt   applic   bim   suit   made   ssh   transit   remot   work   condit   streamlin   effect   ensur   busi   continu   ssh   sshdesign   architectur   engin   bim   wfh   covid  ,1
2545,2545,2545,1.26387e+18,1.26387e+18,1590170000000.0,22-05-2020 22:06,530,,"Work From Home is dead, long live Work From Anywhere â TechCrunch  https://techcrunch.com/2020/05/18/work-from-home-is-dead-long-live-work-from-anywhere/Â â¦ #WFH #Dubai #Quarantine #WorkFromHome #FridayFeeling #UAE_our_HOME","['#wfh', '#dubai', '#quarantine', '#workfromhome', '#fridayfeeling', '#uae_our_home']",[],137282688.0,137282688.0,Shubhambwr,Shubham Bhandari,5,22,https://twitter.com/Shubhambwr/status/1263871484554088449,False,0,0,0,,(corona OR coronavirus OR covid OR pandemic OR lockdown OR quarantine OR covid-19 OR ppe),,"28.5934,77.2223,2000km",,,,,"[{'user_id': '137282688', 'username': 'Shubhambwr'}]",,,,,work   home   dead   long   live   work   anywher   techcrunch   wfh   dubai   quarantin   workfromhom   fridayfeel   uae   home  ,1
3722,3722,3722,1.2646e+18,1.2646e+18,1590340000000.0,24-05-2020 22:24,530,,"Skype had 17 years to prepare for the qurantine & still got beaten by Zoom.
#fun #Zoom #irony #COVIDã¼19 #WFH #Quarantine #lockdowneffect","['#fun', '#zoom', '#irony', '#covidã¼19', '#wfh', '#quarantine', '#lockdowneffect']",[],1.17258e+18,1.17258e+18,hash1921,Harshal Pawar,7,22,https://twitter.com/hash1921/status/1264600562877624320,False,8,2,2,,(corona OR coronavirus OR covid OR pandemic OR lockdown OR quarantine OR covid-19 OR ppe),,"28.5934,77.2223,2000km",,,,,"[{'user_id': '1172582716778274816', 'username': 'hash1921'}]",,,,,skype   year   prepar   qurantin   still   got   beaten   zoom   fun   zoom   ironi   covid   wfh   quarantin   lockdowneffect  ,0
3882,3882,3882,1.26459e+18,1.26459e+18,1590340000000.0,24-05-2020 21:37,530,,"We did cover basics for daily wardrobe, but what for WORK FORM HOME? 
ITS THE NEED OF THE TIME!
.
.
.
.
.
.
.
.
.
.
.
.
#wfh #workfromhome #workwear #homequarantine #Lockdown #wfhlife #fashioninfluencer #fashionistaâ¦  https://www.instagram.com/p/CAk6U0SAoMD/?igshid=1hw6s3jap8zboÂ â¦","['#wfh', '#workfromhome', '#workwear', '#homequarantine', '#lockdown', '#wfhlife', '#fashioninfluencer', '#fashionista']",[],9.82643e+17,9.82643e+17,shivdas_sumedha,Sumedha Shivdas,7,21,https://twitter.com/shivdas_sumedha/status/1264588935868669957,False,0,0,0,,(corona OR coronavirus OR covid OR pandemic OR lockdown OR quarantine OR covid-19 OR ppe),,"28.5934,77.2223,2000km",,,,,"[{'user_id': '982643010809679872', 'username': 'shivdas_sumedha'}]",,,,,cover   basic   daili   wardrob   work   form   home   need   time   wfh   workfromhom   workwear   homequarantin   lockdown   wfhlife   fashioninfluenc   fashionista  ,1
4177,4177,4177,1.26498e+18,1.26498e+18,1590430000000.0,25-05-2020 23:30,530,,"Happiness is... Not the same thing !! 
 #workfromhome #wfh #covid #happiness #happinessis #wfhroutine #routine #life #office #missingoffice #like4likes #f4f #l4l #memes #creative #illustration #memestgram @ Chennai,â¦  https://www.instagram.com/p/CAnr_kHHzoK/?igshid=t07z8gpvbaa8Â â¦","['#workfromhome', '#wfh', '#covid', '#happiness', '#happinessis', '#wfhroutine', '#routine', '#life', '#office', '#missingoffice', '#like4likes', '#f4f', '#l4l', '#memes', '#creative', '#illustration', '#memestgram']",[],141838217.0,141838217.0,cleanmyshadow,siddharthapappala,1,23,https://twitter.com/cleanmyshadow/status/1264979630534033408,False,1,0,0,,(corona OR coronavirus OR covid OR pandemic OR lockdown OR quarantine OR covid-19 OR ppe),,"28.5934,77.2223,2000km",,,,,"[{'user_id': '141838217', 'username': 'cleanmyshadow'}]",,,,,happi   thing   workfromhom   wfh   covid   happi   happinessi   wfhroutin   routin   life   offic   missingoffic   likelik   ff   meme   creativ   illustr   memestgram   chennai  ,1
4596,4596,4596,1.26495e+18,1.26495e+18,1590420000000.0,25-05-2020 21:49,530,,"DAY 0â£1â£
21 Powerful âI am Statements âfor next 21 days to build a great Habit....because You are What You Think ð and How You Think ð¤ Daily !!
#ActionCOACH #vishalchavan #actioncoachindia #onlinemeeting #bevocalforlocals #lockdown #digitalmarketing #wfh
#IndiaFightsCorona pic.twitter.com/3UpxznzY3f","['#actioncoach', '#vishalchavan', '#actioncoachindia', '#onlinemeeting', '#bevocalforlocals', '#lockdown', '#digitalmarketing', '#wfh', '#indiafightscorona']",[],1.22032e+18,1.22032e+18,businesscoachvc,Vishal Chavan,1,21,https://twitter.com/businesscoachvc/status/1264954218101833740,False,0,1,0,,(corona OR coronavirus OR covid OR pandemic OR lockdown OR quarantine OR covid-19 OR ppe),,"28.5934,77.2223,2000km",,,,,"[{'user_id': '1220321495169323010', 'username': 'businesscoachvc'}]",,,,,day   power   statement   next   day   build   great   habit   think   think   daili   actioncoach   vishalchavan   actioncoachindia   onlinemeet   bevocalforloc   lockdown   digitalmarket   wfh   indiafightscorona  ,1
6409,6409,6409,1.26605e+18,1.26605e+18,1590680000000.0,28-05-2020 22:24,530,,"@JioCare @jiofi
@reliancejio #COVID19 #crisis 
After 65th days #Lockdown I went to my village to meet my parents. I want to do #WFH from #village.i thought this is good time with family. Again #network issues #spolied my happiness.
Plz #jio improve network in my village","['#covid19', '#crisis', '#lockdown', '#wfh', '#village', '#network', '#spolied', '#jio']",[],1.1902e+18,1.1902e+18,ghantajaganmoh2,Jagan,4,22,https://twitter.com/ghantajaganmoh2/status/1266050296452534272,False,0,2,1,,(corona OR coronavirus OR covid OR pandemic OR lockdown OR quarantine OR covid-19 OR ppe),,"28.5934,77.2223,2000km",,,,,"[{'user_id': '1190204269128908801', 'username': 'ghantajaganmoh2'}, {'user_id': '1373901961', 'username': 'JioCare'}, {'user_id': '115950463', 'username': 'jiofi'}, {'user_id': '929129743', 'username': 'reliancejio'}]",,,,,covid   crisi   th   day   lockdown   went   villag   meet   parent   want   wfh   villag   thought   good   time   famili   network   issu   spoli   happi   plz   jio   improv   network   villag  ,1
442,442,442,1.26243e+18,1.26243e+18,1589820000000.0,18-05-2020 22:29,530,,"Just do your work, don't worry about the outcome. After all where can the result go. It will appear for sure.

Don't let Lockdown be the Slowdown #workhard #lockdown #notslowdown #lifestylecoach #wellnessâ¦  https://www.instagram.com/p/CAVjhMJHm43/?igshid=bkhkd02cnflÂ â¦","['#workhard', '#lockdown', '#notslowdown', '#lifestylecoach', '#wellness']",[],178708698.0,178708698.0,jyotsna2283,Dr. Jyotsna Verma,1,22,https://twitter.com/jyotsna2283/status/1262427712754290688,False,1,0,0,,(corona OR coronavirus OR covid OR pandemic OR lockdown OR quarantine OR covid-19 OR ppe),,"28.5934,77.2223,2000km",,,,,"[{'user_id': '178708698', 'username': 'jyotsna2283'}]",,,,,work   worri   outcom   result   go   appear   sure   let   lockdown   slowdown   workhard   lockdown   notslowdown   lifestylecoach   well  ,-1
488,488,488,1.26281e+18,1.26281e+18,1589910000000.0,19-05-2020 23:56,530,,Our monthly joint committee meeting organized by #ECMFM on 11th May through #Skype. We discussed work-related issues & the current #pandemic situation on how to protect ourselves and maintain social distance. #JointCommitees #WorkerWelfareForums @QF @ADLSAQa @ILOQatar @MTayah pic.twitter.com/Z8dDjsur6K,"['#ecmfm', '#skype', '#pandemic', '#jointcommitees', '#workerwelfareforums']",[],8.90181e+17,8.90181e+17,SddmBangladeshi,Saddam Hossain,2,23,https://twitter.com/SddmBangladeshi/status/1262811788762062848,False,9,2,1,,(corona OR coronavirus OR covid OR pandemic OR lockdown OR quarantine OR covid-19 OR ppe),,"28.5934,77.2223,2000km",,,,,"[{'user_id': '890180633703571456', 'username': 'SddmBangladeshi'}, {'user_id': '116424578', 'username': 'QF'}, {'user_id': '1560023719', 'username': 'ADLSAQa'}, {'user_id': '1034364175496167424', 'username': 'ILOQatar'}, {'user_id': '310339975', 'username': 'MTayah'}]",,,,,monthli   joint   committe   meet   organ   ecmfm   th   may   skype   discuss   work   relat   issu   current   pandem   situat   protect   maintain   social   distanc   jointcommite   workerwelfareforum  ,-1
665,665,665,1.2628e+18,1.2628e+18,1589910000000.0,19-05-2020 23:13,530,,"@HMOIndia
@narendramodi 
People have #LostJob during lockdown.
There r millions of cases of #Non_Payment_of_Salaries by the cos. despite #workingfromhome during lockdown.
How people will pay EMIs of their loans or survive?
Why govt don't instruct them 2 pay  whose employe worked  https://twitter.com/Anandkrkeshri/status/1262797868517273603Â â¦","['#lostjob', '#non_payment_of_salaries', '#workingfromhome']",[],75963429.0,75963429.0,Anandkrkeshri,à¤à¤¨à¤¨à¥à¤¦ à¤à¥à¤¸à¤°à¥,2,23,https://twitter.com/Anandkrkeshri/status/1262801157275168769,False,0,0,0,https://twitter.com/Anandkrkeshri/status/1262797868517273603,(corona OR coronavirus OR covid OR pandemic OR lockdown OR quarantine OR covid-19 OR ppe),,"28.5934,77.2223,2000km",,,,,"[{'user_id': '75963429', 'username': 'Anandkrkeshri'}, {'user_id': '2541363451', 'username': 'HMOIndia'}, {'user_id': '18839785', 'username': 'narendramodi'}]",,,,,peopl   lostjob   lockdown   r   million   case   non   payment   salari   co   despit   workingfromhom   lockdown   peopl   pay   emi   loan   surviv   govt   instruct   pay   whose   employ   work  ,1
820,820,820,1.26279e+18,1.26279e+18,1589910000000.0,19-05-2020 22:40,530,,#WorkingFromHome and #workoutfromhome has been my life during #Lockdown. Having an amazing time with @becurefit . The energy meter is a great engagement tool for a #competitive person like me. I am always trying toâ¦  https://www.instagram.com/p/CAYJkfvAz4L/?igshid=rln6rcez9rwwÂ â¦,"['#workingfromhome', '#workoutfromhome', '#lockdown', '#competitive']",[],1.10145e+18,1.10145e+18,TheDhairyaGupta,Dhairya Gupta,2,22,https://twitter.com/TheDhairyaGupta/status/1262792867870920704,False,5,1,0,,(corona OR coronavirus OR covid OR pandemic OR lockdown OR quarantine OR covid-19 OR ppe),,"28.5934,77.2223,2000km",,,,,"[{'user_id': '1101447194706620416', 'username': 'TheDhairyaGupta'}, {'user_id': '3187963356', 'username': 'BeCureFit'}]",,,,,workingfromhom   workoutfromhom   life   lockdown   amaz   time   energi   meter   great   engag   tool   competit   person   like   alway   tri  ,0
930,930,930,1.26279e+18,1.26279e+18,1589910000000.0,19-05-2020 22:18,530,,"garney_6 didn't allow me to post this.
.
.
#quarantinelife #lockdown #quarantineworkout #workoutroutine #leanbody #instapost #picsart #shotononeplus #picsartedit #instagood #instagram @ Rail Coach Factory,â¦  https://www.instagram.com/p/CAYHDE7JA9r/?igshid=merv2q9dvmwqÂ â¦","['#quarantinelife', '#lockdown', '#quarantineworkout', '#workoutroutine', '#leanbody', '#instapost', '#picsart', '#shotononeplus', '#picsartedit', '#instagood', '#instagram']",[],840904182.0,840904182.0,NagvanshiRohit,Rohit Nagvanshi,2,22,https://twitter.com/NagvanshiRohit/status/1262787318055927819,False,0,0,0,,(corona OR coronavirus OR covid OR pandemic OR lockdown OR quarantine OR covid-19 OR ppe),,"28.5934,77.2223,2000km",,,,,"[{'user_id': '840904182', 'username': 'NagvanshiRohit'}]",,,,,garney   allow   post   quarantinelif   lockdown   quarantineworkout   workoutroutin   leanbodi   instapost   picsart   shotononeplu   picsartedit   instagood   instagram   rail   coach   factori  ,1
985,985,985,1.26279e+18,1.26279e+18,1589910000000.0,19-05-2020 22:10,530,,Do you think the coming time will be of #WorkoutFromHome and #homegym. As this #coronavirus is going to stay with us. And there is no #Social_Distancing in gyms though. @flyingbeast320 @Bodybuildingcom @MyproteinUK @theindianthakur,"['#workoutfromhome', '#homegym', '#coronavirus', '#social_distancing']",[],2912452142.0,2912452142.0,AnoopKumar261,Anoop Kumar,2,22,https://twitter.com/AnoopKumar261/status/1262785196883013642,False,3,0,0,,(corona OR coronavirus OR covid OR pandemic OR lockdown OR quarantine OR covid-19 OR ppe),,"28.5934,77.2223,2000km",,,,,"[{'user_id': '2912452142', 'username': 'AnoopKumar261'}, {'user_id': '959285621490515969', 'username': 'flyingbeast320'}, {'user_id': '25234311', 'username': 'Bodybuildingcom'}, {'user_id': '27847673', 'username': 'MyproteinUK'}, {'user_id': '2178858463', 'username': 'theindianthakur'}]",,,,,think   come   time   workoutfromhom   homegym   coronaviru   go   stay   u   social   distanc   gym   though  ,-1
1175,1175,1175,1.26316e+18,1.26316e+18,1590000000000.0,20-05-2020 23:01,530,,"WATER SPLASH !!!...... : 1
_
_
Being bored leads to this ðð
Guys dont waste your quarantine time n, its the time to work on your passion 
#workonyourpassion at home. 
#createathome
_
_
_
Sharing some BTS:
ð¹Takeâ¦  https://www.instagram.com/p/CAawuTmhz0X/?igshid=186mar5ykpxpnÂ â¦","['#workonyourpassion', '#createathome']",[],1.23188e+18,1.23188e+18,hinger_ayush,Ayush Hinger,3,23,https://twitter.com/hinger_ayush/status/1263160446158139392,False,0,0,0,,(corona OR coronavirus OR covid OR pandemic OR lockdown OR quarantine OR covid-19 OR ppe),,"28.5934,77.2223,2000km",,,,,"[{'user_id': '1231875026581782528', 'username': 'hinger_ayush'}]",,,,,water   splash   bore   lead   guy   dont   wast   quarantin   time   n   time   work   passion   workonyourpass   home   createathom   share   bt   take  ,1
1205,1205,1205,1.26316e+18,1.26316e+18,1590000000000.0,20-05-2020 22:52,530,,How #Corona turned somebodyâs life track and now forced into do like this kind of tuff job..! #Report #Mumbai #labour #work #jobsearch @mumbaitak @TanushreePande @sahiljoshii https://twitter.com/sardesairajdeep/status/1263117331682582528Â â¦,"['#corona', '#report', '#mumbai', '#labour', '#work', '#jobsearch']",[],1487553457.0,1487553457.0,AdriftRider,Prashanth Bhat (AdriftRider),3,22,https://twitter.com/AdriftRider/status/1263158227350556674,False,0,0,0,https://twitter.com/sardesairajdeep/status/1263117331682582528,(corona OR coronavirus OR covid OR pandemic OR lockdown OR quarantine OR covid-19 OR ppe),,"28.5934,77.2223,2000km",,,,,"[{'user_id': '1487553457', 'username': 'AdriftRider'}, {'user_id': '944460562540273664', 'username': 'mumbaitak'}, {'user_id': '2559281330', 'username': 'TanushreePande'}, {'user_id': '107646921', 'username': 'sahiljoshii'}]",,,,,corona   turn   somebodi   life   track   forc   like   kind   tuff   job   report   mumbai   labour   work   jobsearch  ,-1
1424,1424,1424,1.26314e+18,1.26314e+18,1589990000000.0,20-05-2020 21:56,530,,"Keep yourself motivated towards fitness.
#exercise #workout #lockdown #iamalokshandilya #gharbaithoindia #quarantine #fyp #askme @imVkohli @Riteishd @akshaykumar","['#exercise', '#workout', '#lockdown', '#iamalokshandilya', '#gharbaithoindia', '#quarantine', '#fyp', '#askme']",[],185269506.0,185269506.0,ialokshandilya,Alok Kumar,3,21,https://twitter.com/ialokshandilya/status/1263144172111851520,False,2,0,0,,(corona OR coronavirus OR covid OR pandemic OR lockdown OR quarantine OR covid-19 OR ppe),,"28.5934,77.2223,2000km",,,,,"[{'user_id': '185269506', 'username': 'ialokshandilya'}, {'user_id': '71201743', 'username': 'imVkohli'}, {'user_id': '57998991', 'username': 'Riteishd'}, {'user_id': '31348594', 'username': 'akshaykumar'}]",,,,,keep   motiv   toward   fit   exercis   workout   lockdown   iamalokshandilya   gharbaithoindia   quarantin   fyp   askm  ,1
1504,1504,1504,1.26314e+18,1.26314e+18,1589990000000.0,20-05-2020 21:38,530,,"50 days of working in #lockdown
#WorkFromHome pic.twitter.com/vH8B0TqPT5","['#lockdown', '#workfromhome']",[],7.71357e+17,7.71357e+17,SiddhiJain3301,Siddhi Jain,3,21,https://twitter.com/SiddhiJain3301/status/1263139449468325890,False,4,0,0,,(corona OR coronavirus OR covid OR pandemic OR lockdown OR quarantine OR covid-19 OR ppe),,"28.5934,77.2223,2000km",,,,,"[{'user_id': '771356649059602432', 'username': 'SiddhiJain3301'}]",,,,,day   work   lockdown   workfromhom  ,1
1537,1537,1537,1.26314e+18,1.26314e+18,1589990000000.0,20-05-2020 21:29,530,,"Various ways how #covid19 has changed our #lives permanently. #Embracing the #newnormal !

#postcovid19 #pandemic #worklife #SocialDistancing
@WorldSkillsInd @MSDESkillIndia @DrMNPandeyMP @NSDCINDIA @PMOIndia pic.twitter.com/niZuo6Xgys","['#covid19', '#lives', '#embracing', '#newnormal', '#postcovid19', '#pandemic', '#worklife', '#socialdistancing']",[],7.78308e+17,7.78308e+17,skillthsc,THSC,3,21,https://twitter.com/skillthsc/status/1263137352802635776,False,2,0,1,,(corona OR coronavirus OR covid OR pandemic OR lockdown OR quarantine OR covid-19 OR ppe),,"28.5934,77.2223,2000km",,,,,"[{'user_id': '778308251532132352', 'username': 'skillthsc'}, {'user_id': '2988978855', 'username': 'WorldSkillsInd'}, {'user_id': '3363945117', 'username': 'MSDESkillIndia'}, {'user_id': '2436708865', 'username': 'DrMNPandeyMP'}, {'user_id': '301398093', 'username': 'NSDCINDIA'}, {'user_id': '471741741', 'username': 'PMOIndia'}]",,,,,variou   way   covid   chang   life   perman   embrac   newnorm   postcovid   pandem   worklif   socialdistanc  ,-1
1560,1560,1560,1.26354e+18,1.26354e+18,1590090000000.0,21-05-2020 23:59,530,,"The best, isnât it? Is anybody really starting to enjoy this #workingfromhome phase or is it just me? 
#Happiest #Covid_19 #coronavirus #Netflix & #chill pic.twitter.com/Wm357Tl4Xw","['#workingfromhome', '#happiest', '#covid_19', '#coronavirus', '#netflix', '#chill']",[],3987885089.0,3987885089.0,ShwethaVasan,shwetha vasan,4,23,https://twitter.com/ShwethaVasan/status/1263537342515535872,False,0,0,0,,(corona OR coronavirus OR covid OR pandemic OR lockdown OR quarantine OR covid-19 OR ppe),,"28.5934,77.2223,2000km",,,,,"[{'user_id': '3987885089', 'username': 'ShwethaVasan'}]",,,,,best   anybodi   realli   start   enjoy   workingfromhom   phase   happiest   covid   coronaviru   netflix   chill  ,-1
1680,1680,1680,1.26353e+18,1.26353e+18,1590080000000.0,21-05-2020 23:11,530,,"""No one is perfect - thatâs why pencils have erasers."" - Wolfgang Riebe, Keynote Speaker/Magician. Music: comethru by @jeremyzucker ð
#workoutmotivation #workoutathome #fitme #lovewhatyoudo #respectyourbody #stayhome #lockdown #weshallpassittogether #missinggym #workout pic.twitter.com/VCAbeDwJGp","['#workoutmotivation', '#workoutathome', '#fitme', '#lovewhatyoudo', '#respectyourbody', '#stayhome', '#lockdown', '#weshallpassittogether', '#missinggym', '#workout']",[],123830705.0,123830705.0,GautamKhurana28,Gautam Khurana,4,23,https://twitter.com/GautamKhurana28/status/1263525292041068545,False,3,0,0,,(corona OR coronavirus OR covid OR pandemic OR lockdown OR quarantine OR covid-19 OR ppe),,"28.5934,77.2223,2000km",,,,,"[{'user_id': '123830705', 'username': 'GautamKhurana28'}, {'user_id': '451119120', 'username': 'jeremyzucker'}]",,,,,one   perfect   pencil   eras   wolfgang   rieb   keynot   speaker   magician   music   comethru   workoutmotiv   workoutathom   fitm   lovewhatyoudo   respectyourbodi   stayhom   lockdown   weshallpassittogeth   missinggym   workout  ,-1
1994,1994,1994,1.2635e+18,1.2635e+18,1590080000000.0,21-05-2020 21:48,530,,"Various ways how #covid19 has changed our #lives permanently. #Embracing the #newnormal !
#postcovid19 #pandemic #worklife
@WorldSkillsInd @skill_india_official @DrMNPandeyMP @PMOIndia @NSDCINDIA pic.twitter.com/qrbA3x6oiA","['#covid19', '#lives', '#embracing', '#newnormal', '#postcovid19', '#pandemic', '#worklife']",[],7.78308e+17,7.78308e+17,skillthsc,THSC,4,21,https://twitter.com/skillthsc/status/1263504381330292737,False,3,0,1,,(corona OR coronavirus OR covid OR pandemic OR lockdown OR quarantine OR covid-19 OR ppe),,"28.5934,77.2223,2000km",,,,,"[{'user_id': '778308251532132352', 'username': 'skillthsc'}, {'user_id': '2988978855', 'username': 'WorldSkillsInd'}, {'user_id': '2436708865', 'username': 'DrMNPandeyMP'}, {'user_id': '471741741', 'username': 'PMOIndia'}, {'user_id': '301398093', 'username': 'NSDCINDIA'}]",,,,,variou   way   covid   chang   life   perman   embrac   newnorm   postcovid   pandem   worklif  ,-1
2020,2020,2020,1.2635e+18,1.2635e+18,1590080000000.0,21-05-2020 21:42,530,,"WATER SPLASH !!!...... : 2
_
_
Being bored leads to this ðð
Guys dont waste your quarantine time n, its the time to work on your passion 
#workonyourpassion at home. 
#createathome
_
_
_
Sharing some BTS:
ð¹Takeâ¦  https://www.instagram.com/p/CAdMggRhaYv/?igshid=zegdb7pz4i0iÂ â¦","['#workonyourpassion', '#createathome']",[],1.23188e+18,1.23188e+18,hinger_ayush,Ayush Hinger,4,21,https://twitter.com/hinger_ayush/status/1263503021646000128,False,0,0,0,,(corona OR coronavirus OR covid OR pandemic OR lockdown OR quarantine OR covid-19 OR ppe),,"28.5934,77.2223,2000km",,,,,"[{'user_id': '1231875026581782528', 'username': 'hinger_ayush'}]",,,,,water   splash   bore   lead   guy   dont   wast   quarantin   time   n   time   work   passion   workonyourpass   home   createathom   share   bt   take  ,1
2545,2545,2545,1.26387e+18,1.26387e+18,1590170000000.0,22-05-2020 22:06,530,,"Work From Home is dead, long live Work From Anywhere â TechCrunch  https://techcrunch.com/2020/05/18/work-from-home-is-dead-long-live-work-from-anywhere/Â â¦ #WFH #Dubai #Quarantine #WorkFromHome #FridayFeeling #UAE_our_HOME","['#wfh', '#dubai', '#quarantine', '#workfromhome', '#fridayfeeling', '#uae_our_home']",[],137282688.0,137282688.0,Shubhambwr,Shubham Bhandari,5,22,https://twitter.com/Shubhambwr/status/1263871484554088449,False,0,0,0,,(corona OR coronavirus OR covid OR pandemic OR lockdown OR quarantine OR covid-19 OR ppe),,"28.5934,77.2223,2000km",,,,,"[{'user_id': '137282688', 'username': 'Shubhambwr'}]",,,,,work   home   dead   long   live   work   anywher   techcrunch   wfh   dubai   quarantin   workfromhom   fridayfeel   uae   home  ,1
3035,3035,3035,1.26425e+18,1.26425e+18,1590250000000.0,23-05-2020 22:55,530,Bangalore,"F & B L Swing + Flip
16kg #Kettlebell 
.
#ekfa
.
#Staysafe ð
.
#survivor2020 #workout #Kannada #KannadaNews #Karnataka #India #COVID19Pandemic #COVID2019 #COVID #COVID19Bangalore #fitness #AarogyaSetuApp 
.
#IndiaFightsCOVID19 ð¡
.
Music ð¶ Credits - YouTube Library pic.twitter.com/fcKv7y3eTA â at Bangalore","['#kettlebell', '#ekfa', '#staysafe', '#survivor2020', '#workout', '#kannada', '#kannadanews', '#karnataka', '#india', '#covid19pandemic', '#covid2019', '#covid', '#covid19bangalore', '#fitness', '#aarogyasetuapp', '#indiafightscovid19']",[],1.09248e+18,1.09248e+18,Mr_Rajaguru,Raghava Rajaguru â¡,6,22,https://twitter.com/Mr_Rajaguru/status/1264246084815241217,False,1,0,0,,(corona OR coronavirus OR covid OR pandemic OR lockdown OR quarantine OR covid-19 OR ppe),,"28.5934,77.2223,2000km",,,,,"[{'user_id': '1092478776058003457', 'username': 'Mr_Rajaguru'}]",,,,,f   b   l   swing   flip   kg   kettlebel   ekfa   staysaf   survivor   workout   kannada   kannadanew   karnataka   india   covidpandem   covid   covid   covidbangalor   fit   aarogyasetuapp   indiafightscovid   music   credit   youtub   librari   bangalor  ,-1
3882,3882,3882,1.26459e+18,1.26459e+18,1590340000000.0,24-05-2020 21:37,530,,"We did cover basics for daily wardrobe, but what for WORK FORM HOME? 
ITS THE NEED OF THE TIME!
.
.
.
.
.
.
.
.
.
.
.
.
#wfh #workfromhome #workwear #homequarantine #Lockdown #wfhlife #fashioninfluencer #fashionistaâ¦  https://www.instagram.com/p/CAk6U0SAoMD/?igshid=1hw6s3jap8zboÂ â¦","['#wfh', '#workfromhome', '#workwear', '#homequarantine', '#lockdown', '#wfhlife', '#fashioninfluencer', '#fashionista']",[],9.82643e+17,9.82643e+17,shivdas_sumedha,Sumedha Shivdas,7,21,https://twitter.com/shivdas_sumedha/status/1264588935868669957,False,0,0,0,,(corona OR coronavirus OR covid OR pandemic OR lockdown OR quarantine OR covid-19 OR ppe),,"28.5934,77.2223,2000km",,,,,"[{'user_id': '982643010809679872', 'username': 'shivdas_sumedha'}]",,,,,cover   basic   daili   wardrob   work   form   home   need   time   wfh   workfromhom   workwear   homequarantin   lockdown   wfhlife   fashioninfluenc   fashionista  ,1
4177,4177,4177,1.26498e+18,1.26498e+18,1590430000000.0,25-05-2020 23:30,530,,"Happiness is... Not the same thing !! 
 #workfromhome #wfh #covid #happiness #happinessis #wfhroutine #routine #life #office #missingoffice #like4likes #f4f #l4l #memes #creative #illustration #memestgram @ Chennai,â¦  https://www.instagram.com/p/CAnr_kHHzoK/?igshid=t07z8gpvbaa8Â â¦","['#workfromhome', '#wfh', '#covid', '#happiness', '#happinessis', '#wfhroutine', '#routine', '#life', '#office', '#missingoffice', '#like4likes', '#f4f', '#l4l', '#memes', '#creative', '#illustration', '#memestgram']",[],141838217.0,141838217.0,cleanmyshadow,siddharthapappala,1,23,https://twitter.com/cleanmyshadow/status/1264979630534033408,False,1,0,0,,(corona OR coronavirus OR covid OR pandemic OR lockdown OR quarantine OR covid-19 OR ppe),,"28.5934,77.2223,2000km",,,,,"[{'user_id': '141838217', 'username': 'cleanmyshadow'}]",,,,,happi   thing   workfromhom   wfh   covid   happi   happinessi   wfhroutin   routin   life   offic   missingoffic   likelik   ff   meme   creativ   illustr   memestgram   chennai  ,1
4346,4346,4346,1.26497e+18,1.26497e+18,1590430000000.0,25-05-2020 22:45,530,Be Best Consultants,"It's a total #lockdown... How do I get #Study #Abroad Counseling?
Are you thinking the same - #Meet our #Counsellors #Online
#Staysafeathome

Our team is #working from #home, feel free to contact us +918985664888
#Coronavirus
#nCoronavirus #Covid20 #Bewareofcorona #Preventscorona pic.twitter.com/JnGQ8EIDBN â at Be Best Consultants","['#lockdown', '#study', '#abroad', '#meet', '#counsellors', '#online', '#staysafeathome', '#working', '#home', '#coronavirus', '#ncoronavirus', '#covid20', '#bewareofcorona', '#preventscorona']",[],54473651.0,54473651.0,mranganath,Ranganath Mummadi,1,22,https://twitter.com/mranganath/status/1264968318319857667,False,0,0,0,,(corona OR coronavirus OR covid OR pandemic OR lockdown OR quarantine OR covid-19 OR ppe),,"28.5934,77.2223,2000km",,,,,"[{'user_id': '54473651', 'username': 'mranganath'}]",,,,,total   lockdown   get   studi   abroad   counsel   think   meet   counsellor   onlin   staysafeathom   team   work   home   feel   free   contact   u   coronaviru   ncoronaviru   covid   bewareofcorona   preventscorona   best   consult  ,1
4887,4887,4887,1.26534e+18,1.26534e+18,1590520000000.0,26-05-2020 23:27,530,,"Throwback to when life was simple and we were free

#fitlife #missinggym #fatheroftwo #gymrat #gym #workout #beardlover #tattoo #punjabi #lockdown #mumbai #life @ Urban Gymnation  https://www.instagram.com/p/CAqQHaAFNJk/?igshid=tjqmn69nwc2tÂ â¦","['#fitlife', '#missinggym', '#fatheroftwo', '#gymrat', '#gym', '#workout', '#beardlover', '#tattoo', '#punjabi', '#lockdown', '#mumbai', '#life']",[],80230300.0,80230300.0,lucky2201983,Raviraj Arora,2,23,https://twitter.com/lucky2201983/status/1265341220487720960,False,1,1,0,,(corona OR coronavirus OR covid OR pandemic OR lockdown OR quarantine OR covid-19 OR ppe),,"28.5934,77.2223,2000km",,,,,"[{'user_id': '80230300', 'username': 'lucky2201983'}]",,,,,throwback   life   simpl   free   fitlif   missinggym   fatheroftwo   gymrat   gym   workout   beardlov   tattoo   punjabi   lockdown   mumbai   life   urban   gymnat  ,1
5143,5143,5143,1.26532e+18,1.26532e+18,1590510000000.0,26-05-2020 22:13,530,,"Important Answer by
Read â¤µï¸ @vipets_school â¤ï¸ð§¿
.
.
.
be_lean_withutk_wolf
#utkarsh
#soumya #philosopher #lockdown #covid19 #corona #workoutmotivation #workout #fitnessfollowers #fitkanpur #hitkanpur #staybelaaâ¦  https://www.instagram.com/p/CAqH8ekhrE9/?igshid=1bm05vnttw6wzÂ â¦","['#utkarsh', '#soumya', '#philosopher', '#lockdown', '#covid19', '#corona', '#workoutmotivation', '#workout', '#fitnessfollowers', '#fitkanpur', '#hitkanpur', '#staybelaa']",[],8.84455e+17,8.84455e+17,Saumya_utk,Saumya Gupta,2,22,https://twitter.com/Saumya_utk/status/1265322565691564033,False,2,0,0,,(corona OR coronavirus OR covid OR pandemic OR lockdown OR quarantine OR covid-19 OR ppe),,"28.5934,77.2223,2000km",,,,,"[{'user_id': '884454557308276736', 'username': 'Saumya_utk'}, {'user_id': '2997928133', 'username': 'VIPets_School'}]",,,,,import   answer   read   lean   withutk   wolf   utkarsh   soumya   philosoph   lockdown   covid   corona   workoutmotiv   workout   fitnessfollow   fitkanpur   hitkanpur   staybelaa  ,-1
5259,5259,5259,1.26532e+18,1.26532e+18,1590510000000.0,26-05-2020 21:48,530,Uran Bus Stand,"MICT Container Freight Station Uran, a diversified company of JM Baxi shipping corporation and Civil Defence Raigad facilitated hygiene kits to COVID warriors of Uran. @CollectorRaigad @atahasnain53
#wearestrongertogether #civildefence #worktogether #covidwarriors pic.twitter.com/oh72xK0Vaj â at Uran Bus Stand","['#wearestrongertogether', '#civildefence', '#worktogether', '#covidwarriors']",[],145564899.0,145564899.0,RajeshwariKori,Rajeshwari Kori,2,21,https://twitter.com/RajeshwariKori/status/1265316468528316423,False,1,0,0,,(corona OR coronavirus OR covid OR pandemic OR lockdown OR quarantine OR covid-19 OR ppe),,"28.5934,77.2223,2000km",,,,,"[{'user_id': '145564899', 'username': 'RajeshwariKori'}, {'user_id': '1093064210525745152', 'username': 'CollectorRaigad'}, {'user_id': '1568616944', 'username': 'atahasnain53'}]",,,,,mict   contain   freight   station   uran   diversifi   compani   jm   baxi   ship   corpor   civil   defenc   raigad   facilit   hygien   kit   covid   warrior   uran   wearestrongertogeth   civildef   worktogeth   covidwarrior   uran   bu   stand  ,1
5419,5419,5419,1.26531e+18,1.26531e+18,1590510000000.0,26-05-2020 21:16,530,,"The love I got from the High Peak family for making my quarantine birthday special knows no bound.Â life_at_hpsÂ #bdayboyÂ #family #work #bliss thanks for the gifts.
PS tried taggingâ¦  https://www.instagram.com/p/CAqBbvDF6ndPm4h-5zbz-z8wIt64c9IPoJcZvE0/?igshid=1arw2y07lkluxÂ â¦","['#bdayboy', '#family', '#work', '#bliss']",[],55496641.0,55496641.0,keerushek,Keerthi Shekar G,2,21,https://twitter.com/keerushek/status/1265308245415034880,False,0,0,0,,(corona OR coronavirus OR covid OR pandemic OR lockdown OR quarantine OR covid-19 OR ppe),,"28.5934,77.2223,2000km",,,,,"[{'user_id': '55496641', 'username': 'keerushek'}]",,,,,love   got   high   peak   famili   make   quarantin   birthday   special   know   bound   life   hp   bdayboy   famili   work   bliss   thank   gift   p   tri   tag  ,1
6396,6396,6396,1.26605e+18,1.26605e+18,1590690000000.0,28-05-2020 22:28,530,,"Mood = Chaotic comfort ð
#lockdown #mood #sassy #quarantine #lockdownlife #covidlife2020 #stuckathome #workfromhome #newunderstanding #newlifestyle #photooftheday #girlthings #instagood #lifestyle pic.twitter.com/3gCtGgEhcr","['#lockdown', '#mood', '#sassy', '#quarantine', '#lockdownlife', '#covidlife2020', '#stuckathome', '#workfromhome', '#newunderstanding', '#newlifestyle', '#photooftheday', '#girlthings', '#instagood', '#lifestyle']",[],49563859.0,49563859.0,shraddhamohanti,Shraddha,4,22,https://twitter.com/shraddhamohanti/status/1266051281669382145,False,5,0,0,,(corona OR coronavirus OR covid OR pandemic OR lockdown OR quarantine OR covid-19 OR ppe),,"28.5934,77.2223,2000km",,,,,"[{'user_id': '49563859', 'username': 'shraddhamohanti'}]",,,,,mood   chaotic   comfort   lockdown   mood   sassi   quarantin   lockdownlif   covidlif   stuckathom   workfromhom   newunderstand   newlifestyl   photooftheday   girlth   instagood   lifestyl  ,-1
6547,6547,6547,1.26604e+18,1.26604e+18,1590680000000.0,28-05-2020 21:44,530,,"#workout Done for the day.! Can we have mangoes ð¥­ now? 
.
.
#cycling #workout #sweat #jodhpur #summer #dehydrated #Covid_19india #emptyroads #burncalries pic.twitter.com/F32x1c1ut4","['#workout', '#cycling', '#workout', '#sweat', '#jodhpur', '#summer', '#dehydrated', '#covid_19india', '#emptyroads', '#burncalries']",[],9.5035e+17,9.5035e+17,ShreyBhandari,Shrey Bhandari,4,21,https://twitter.com/ShreyBhandari/status/1266040150263427074,False,1,1,1,,(corona OR coronavirus OR covid OR pandemic OR lockdown OR quarantine OR covid-19 OR ppe),,"28.5934,77.2223,2000km",,,,,"[{'user_id': '950350099866988546', 'username': 'ShreyBhandari'}]",,,,,workout   done   day   mango   cycl   workout   sweat   jodhpur   summer   dehydr   covid   india   emptyroad   burncalri  ,-1
6728,6728,6728,1.26603e+18,1.26603e+18,1590680000000.0,28-05-2020 20:55,530,,"Hey ya'll â¨
This time I illustrated a contemporarised kundan jwellery along with peral and beads...
#jwellery #jewelrydesigner #jewellerylover #illustrator #graphicdesign #designerslife #fashiondesigners #indoriartist #quarantine #stayhome #workfromhome #sidsmania #siddhivyas pic.twitter.com/H8UaBoD7v4","['#jwellery', '#jewelrydesigner', '#jewellerylover', '#illustrator', '#graphicdesign', '#designerslife', '#fashiondesigners', '#indoriartist', '#quarantine', '#stayhome', '#workfromhome', '#sidsmania', '#siddhivyas']",[],1.02965e+18,1.02965e+18,SiddhiVyas6,Siddhi Vyas,4,20,https://twitter.com/SiddhiVyas6/status/1266027778157182976,False,5,1,0,,(corona OR coronavirus OR covid OR pandemic OR lockdown OR quarantine OR covid-19 OR ppe),,"28.5934,77.2223,2000km",,,,,"[{'user_id': '1029646545778499584', 'username': 'SiddhiVyas6'}]",,,,,hey   ya   time   illustr   contemporaris   kundan   jwelleri   along   peral   bead   jwelleri   jewelrydesign   jewellerylov   illustr   graphicdesign   designerslif   fashiondesign   indoriartist   quarantin   stayhom   workfromhom   sidsmania   siddhivya  ,0
7107,7107,7107,1.26641e+18,1.26641e+18,1590770000000.0,29-05-2020 22:22,530,,@TheTweetOfGod God is testing all its weapons of mass destruction in 2020. #CoronaVirus #LockDown #Earthquake #CycloneAmphan #CelebDeaths #EconomicMeltdown #Recession2020 #JobCuts #MigrantCrisis #WorkFromHome #StaySafe pic.twitter.com/YqMWonCFsD,"['#coronavirus', '#lockdown', '#earthquake', '#cycloneamphan', '#celebdeaths', '#economicmeltdown', '#recession2020', '#jobcuts', '#migrantcrisis', '#workfromhome', '#staysafe']",[],109475437.0,109475437.0,VaibhavKrS,Vaibhav K Srivastava,5,22,https://twitter.com/VaibhavKrS/status/1266412135858528256,False,0,0,0,,(corona OR coronavirus OR covid OR pandemic OR lockdown OR quarantine OR covid-19 OR ppe),,"28.5934,77.2223,2000km",,,,,"[{'user_id': '109475437', 'username': 'VaibhavKrS'}, {'user_id': '204832963', 'username': 'TheTweetOfGod'}]",,,,,god   test   weapon   mass   destruct   coronaviru   lockdown   earthquak   cycloneamphan   celebdeath   economicmeltdown   recess   jobcut   migrantcrisi   workfromhom   staysaf  ,-1
7424,7424,7424,1.2668e+18,1.2668e+18,1590860000000.0,30-05-2020 23:53,530,,"Feeling of #lockdown !!

#Lockdown5point0 #SocialDistancing #Lockdown5Guidelines #CovidWarriors #coronavirus #ContainmentZones #WorkFromHome #MotivationalQuotes pic.twitter.com/bFLHq9jJtO","['#lockdown', '#lockdown5point0', '#socialdistancing', '#lockdown5guidelines', '#covidwarriors', '#coronavirus', '#containmentzones', '#workfromhome', '#motivationalquotes']",[],9.42234e+17,9.42234e+17,ArnobBiswas18,Arnob Biswas - FX MacroEconomist,6,23,https://twitter.com/ArnobBiswas18/status/1266797312652820481,False,0,0,0,,(corona OR coronavirus OR covid OR pandemic OR lockdown OR quarantine OR covid-19 OR ppe),,"28.5934,77.2223,2000km",,,,,"[{'user_id': '942233856505085953', 'username': 'ArnobBiswas18'}]",,,,,feel   lockdown   lockdownpoint   socialdistanc   lockdownguidelin   covidwarrior   coronaviru   containmentzon   workfromhom   motivationalquot  ,-1
454,454,454,1.26243e+18,1.26243e+18,1589820000000.0,18-05-2020 22:28,530,,"Food & Education together to non users of mobile
 https://youtu.be/zWeRHocrH8MÂ 
#education #coronavirus #CoronaCrisis #educators #delhigovtschoolteachers #DelhiFightsCorona #DelhiGovernment #ProudDelhiGovtTeacher #COVID19 #NDTV #Aaj_tak #ABP #PMO #CNBC #DelhiPolice #EduCOVID @msisodia pic.twitter.com/uBlCXQUAVP","['#education', '#coronavirus', '#coronacrisis', '#educators', '#delhigovtschoolteachers', '#delhifightscorona', '#delhigovernment', '#prouddelhigovtteacher', '#covid19', '#ndtv', '#aaj_tak', '#abp', '#pmo', '#cnbc', '#delhipolice', '#educovid']",[],3296014782.0,3296014782.0,SatishSAnand,S. Anand,1,22,https://twitter.com/SatishSAnand/status/1262427347250147328,False,2,1,2,,(corona OR coronavirus OR covid OR pandemic OR lockdown OR quarantine OR covid-19 OR ppe),,"28.5934,77.2223,2000km",,,,,"[{'user_id': '3296014782', 'username': 'SatishSAnand'}, {'user_id': '30417501', 'username': 'msisodia'}]",,,,,food   educ   togeth   non   user   mobil   educ   coronaviru   coronacrisi   educ   delhigovtschoolteach   delhifightscorona   delhigovern   prouddelhigovtteach   covid   ndtv   aaj   tak   abp   pmo   cnbc   delhipolic   educovid  ,1
3370,3370,3370,1.26422e+18,1.26422e+18,1590250000000.0,23-05-2020 21:24,530,,"Media is bombarded with news about COVID-19. But not all the news is positive. 

Children at #GICLM brings to you a much needed dose of positivity. We are bringing the light to the dark subject of the #pandemic, stay tuned for more..

#learners #education #inspiration pic.twitter.com/XSWB6AJvtA","['#giclm', '#pandemic', '#learners', '#education', '#inspiration']",[],1.10648e+18,1.10648e+18,GICLM2017,Garodia International Centre for Learning Mumbai,6,21,https://twitter.com/GICLM2017/status/1264223139531087873,False,1,0,0,,(corona OR coronavirus OR covid OR pandemic OR lockdown OR quarantine OR covid-19 OR ppe),,"28.5934,77.2223,2000km",,,,,"[{'user_id': '1106476849637539848', 'username': 'GICLM2017'}]",,,,,medium   bombard   news   covid   news   posit   child   giclm   bring   much   need   dose   posit   bring   light   dark   subject   pandem   stay   tune   learner   educ   inspir  ,1
5786,5786,5786,1.26568e+18,1.26568e+18,1590600000000.0,27-05-2020 22:11,530,,"Who is the #WorstMinister in Modi Cabinet?
#StopTargetingBengal
#COVID__19 #uttarakhandwildfire #coronavirus #JoinSpeakUpIndia #lockdown #VeerSavarkar #Corona #QuarantineLife #education #lockdownpuzzles #blogchatter #chinaindiaborder #Savarkar #AatmaNirbharBharatAbhiyan","['#worstminister', '#stoptargetingbengal', '#covid__19', '#uttarakhandwildfire', '#coronavirus', '#joinspeakupindia', '#lockdown', '#veersavarkar', '#corona', '#quarantinelife', '#education', '#lockdownpuzzles', '#blogchatter', '#chinaindiaborder', '#savarkar', '#aatmanirbharbharatabhiyan']",[],148028414.0,148028414.0,skalamz,Alam Shaikh Â® â¢âª,3,22,https://twitter.com/skalamz/status/1265684688015851520,False,1,0,1,,(corona OR coronavirus OR covid OR pandemic OR lockdown OR quarantine OR covid-19 OR ppe),,"28.5934,77.2223,2000km",,,,,"[{'user_id': '148028414', 'username': 'skalamz'}]",,,,,worstminist   modi   cabinet   stoptargetingbeng   covid   uttarakhandwildfir   coronaviru   joinspeakupindia   lockdown   veersavarkar   corona   quarantinelif   educ   lockdownpuzzl   blogchatt   chinaindiabord   savarkar   aatmanirbharbharatabhiyan  ,-1
7672,7672,7672,1.26678e+18,1.26678e+18,1590860000000.0,30-05-2020 22:43,530,, https://youtu.be/SVQwf2M4Rg0Â  Fighterspedia self defense online training new video #distancelearning #digital #selfdefence #karate #education #Entrepreneur #kyoshinawaldutta #onlinelearning #innovation #karateonline #lockdown #usetime #fighterspedia,"['#distancelearning', '#digital', '#selfdefence', '#karate', '#education', '#entrepreneur', '#kyoshinawaldutta', '#onlinelearning', '#innovation', '#karateonline', '#lockdown', '#usetime', '#fighterspedia']",[],2524735736.0,2524735736.0,SND9936,Kyoshi Nawal Dutta,6,22,https://twitter.com/SND9936/status/1266779659523391489,False,0,0,0,,(corona OR coronavirus OR covid OR pandemic OR lockdown OR quarantine OR covid-19 OR ppe),,"28.5934,77.2223,2000km",,,,,"[{'user_id': '2524735736', 'username': 'SND9936'}]",,,,,fighterspedia   self   defens   onlin   train   new   video   distancelearn   digit   selfdef   karat   educ   entrepreneur   kyoshinawaldutta   onlinelearn   innov   karateonlin   lockdown   usetim   fighterspedia  ,1
442,442,442,1.26243e+18,1.26243e+18,1589820000000.0,18-05-2020 22:29,530,,"Just do your work, don't worry about the outcome. After all where can the result go. It will appear for sure.

Don't let Lockdown be the Slowdown #workhard #lockdown #notslowdown #lifestylecoach #wellnessâ¦  https://www.instagram.com/p/CAVjhMJHm43/?igshid=bkhkd02cnflÂ â¦","['#workhard', '#lockdown', '#notslowdown', '#lifestylecoach', '#wellness']",[],178708698.0,178708698.0,jyotsna2283,Dr. Jyotsna Verma,1,22,https://twitter.com/jyotsna2283/status/1262427712754290688,False,1,0,0,,(corona OR coronavirus OR covid OR pandemic OR lockdown OR quarantine OR covid-19 OR ppe),,"28.5934,77.2223,2000km",,,,,"[{'user_id': '178708698', 'username': 'jyotsna2283'}]",,,,,work   worri   outcom   result   go   appear   sure   let   lockdown   slowdown   workhard   lockdown   notslowdown   lifestylecoach   well  ,-1
488,488,488,1.26281e+18,1.26281e+18,1589910000000.0,19-05-2020 23:56,530,,Our monthly joint committee meeting organized by #ECMFM on 11th May through #Skype. We discussed work-related issues & the current #pandemic situation on how to protect ourselves and maintain social distance. #JointCommitees #WorkerWelfareForums @QF @ADLSAQa @ILOQatar @MTayah pic.twitter.com/Z8dDjsur6K,"['#ecmfm', '#skype', '#pandemic', '#jointcommitees', '#workerwelfareforums']",[],8.90181e+17,8.90181e+17,SddmBangladeshi,Saddam Hossain,2,23,https://twitter.com/SddmBangladeshi/status/1262811788762062848,False,9,2,1,,(corona OR coronavirus OR covid OR pandemic OR lockdown OR quarantine OR covid-19 OR ppe),,"28.5934,77.2223,2000km",,,,,"[{'user_id': '890180633703571456', 'username': 'SddmBangladeshi'}, {'user_id': '116424578', 'username': 'QF'}, {'user_id': '1560023719', 'username': 'ADLSAQa'}, {'user_id': '1034364175496167424', 'username': 'ILOQatar'}, {'user_id': '310339975', 'username': 'MTayah'}]",,,,,monthli   joint   committe   meet   organ   ecmfm   th   may   skype   discuss   work   relat   issu   current   pandem   situat   protect   maintain   social   distanc   jointcommite   workerwelfareforum  ,-1
665,665,665,1.2628e+18,1.2628e+18,1589910000000.0,19-05-2020 23:13,530,,"@HMOIndia
@narendramodi 
People have #LostJob during lockdown.
There r millions of cases of #Non_Payment_of_Salaries by the cos. despite #workingfromhome during lockdown.
How people will pay EMIs of their loans or survive?
Why govt don't instruct them 2 pay  whose employe worked  https://twitter.com/Anandkrkeshri/status/1262797868517273603Â â¦","['#lostjob', '#non_payment_of_salaries', '#workingfromhome']",[],75963429.0,75963429.0,Anandkrkeshri,à¤à¤¨à¤¨à¥à¤¦ à¤à¥à¤¸à¤°à¥,2,23,https://twitter.com/Anandkrkeshri/status/1262801157275168769,False,0,0,0,https://twitter.com/Anandkrkeshri/status/1262797868517273603,(corona OR coronavirus OR covid OR pandemic OR lockdown OR quarantine OR covid-19 OR ppe),,"28.5934,77.2223,2000km",,,,,"[{'user_id': '75963429', 'username': 'Anandkrkeshri'}, {'user_id': '2541363451', 'username': 'HMOIndia'}, {'user_id': '18839785', 'username': 'narendramodi'}]",,,,,peopl   lostjob   lockdown   r   million   case   non   payment   salari   co   despit   workingfromhom   lockdown   peopl   pay   emi   loan   surviv   govt   instruct   pay   whose   employ   work  ,1
820,820,820,1.26279e+18,1.26279e+18,1589910000000.0,19-05-2020 22:40,530,,#WorkingFromHome and #workoutfromhome has been my life during #Lockdown. Having an amazing time with @becurefit . The energy meter is a great engagement tool for a #competitive person like me. I am always trying toâ¦  https://www.instagram.com/p/CAYJkfvAz4L/?igshid=rln6rcez9rwwÂ â¦,"['#workingfromhome', '#workoutfromhome', '#lockdown', '#competitive']",[],1.10145e+18,1.10145e+18,TheDhairyaGupta,Dhairya Gupta,2,22,https://twitter.com/TheDhairyaGupta/status/1262792867870920704,False,5,1,0,,(corona OR coronavirus OR covid OR pandemic OR lockdown OR quarantine OR covid-19 OR ppe),,"28.5934,77.2223,2000km",,,,,"[{'user_id': '1101447194706620416', 'username': 'TheDhairyaGupta'}, {'user_id': '3187963356', 'username': 'BeCureFit'}]",,,,,workingfromhom   workoutfromhom   life   lockdown   amaz   time   energi   meter   great   engag   tool   competit   person   like   alway   tri  ,0
930,930,930,1.26279e+18,1.26279e+18,1589910000000.0,19-05-2020 22:18,530,,"garney_6 didn't allow me to post this.
.
.
#quarantinelife #lockdown #quarantineworkout #workoutroutine #leanbody #instapost #picsart #shotononeplus #picsartedit #instagood #instagram @ Rail Coach Factory,â¦  https://www.instagram.com/p/CAYHDE7JA9r/?igshid=merv2q9dvmwqÂ â¦","['#quarantinelife', '#lockdown', '#quarantineworkout', '#workoutroutine', '#leanbody', '#instapost', '#picsart', '#shotononeplus', '#picsartedit', '#instagood', '#instagram']",[],840904182.0,840904182.0,NagvanshiRohit,Rohit Nagvanshi,2,22,https://twitter.com/NagvanshiRohit/status/1262787318055927819,False,0,0,0,,(corona OR coronavirus OR covid OR pandemic OR lockdown OR quarantine OR covid-19 OR ppe),,"28.5934,77.2223,2000km",,,,,"[{'user_id': '840904182', 'username': 'NagvanshiRohit'}]",,,,,garney   allow   post   quarantinelif   lockdown   quarantineworkout   workoutroutin   leanbodi   instapost   picsart   shotononeplu   picsartedit   instagood   instagram   rail   coach   factori  ,1
985,985,985,1.26279e+18,1.26279e+18,1589910000000.0,19-05-2020 22:10,530,,Do you think the coming time will be of #WorkoutFromHome and #homegym. As this #coronavirus is going to stay with us. And there is no #Social_Distancing in gyms though. @flyingbeast320 @Bodybuildingcom @MyproteinUK @theindianthakur,"['#workoutfromhome', '#homegym', '#coronavirus', '#social_distancing']",[],2912452142.0,2912452142.0,AnoopKumar261,Anoop Kumar,2,22,https://twitter.com/AnoopKumar261/status/1262785196883013642,False,3,0,0,,(corona OR coronavirus OR covid OR pandemic OR lockdown OR quarantine OR covid-19 OR ppe),,"28.5934,77.2223,2000km",,,,,"[{'user_id': '2912452142', 'username': 'AnoopKumar261'}, {'user_id': '959285621490515969', 'username': 'flyingbeast320'}, {'user_id': '25234311', 'username': 'Bodybuildingcom'}, {'user_id': '27847673', 'username': 'MyproteinUK'}, {'user_id': '2178858463', 'username': 'theindianthakur'}]",,,,,think   come   time   workoutfromhom   homegym   coronaviru   go   stay   u   social   distanc   gym   though  ,-1
1175,1175,1175,1.26316e+18,1.26316e+18,1590000000000.0,20-05-2020 23:01,530,,"WATER SPLASH !!!...... : 1
_
_
Being bored leads to this ðð
Guys dont waste your quarantine time n, its the time to work on your passion 
#workonyourpassion at home. 
#createathome
_
_
_
Sharing some BTS:
ð¹Takeâ¦  https://www.instagram.com/p/CAawuTmhz0X/?igshid=186mar5ykpxpnÂ â¦","['#workonyourpassion', '#createathome']",[],1.23188e+18,1.23188e+18,hinger_ayush,Ayush Hinger,3,23,https://twitter.com/hinger_ayush/status/1263160446158139392,False,0,0,0,,(corona OR coronavirus OR covid OR pandemic OR lockdown OR quarantine OR covid-19 OR ppe),,"28.5934,77.2223,2000km",,,,,"[{'user_id': '1231875026581782528', 'username': 'hinger_ayush'}]",,,,,water   splash   bore   lead   guy   dont   wast   quarantin   time   n   time   work   passion   workonyourpass   home   createathom   share   bt   take  ,1
1205,1205,1205,1.26316e+18,1.26316e+18,1590000000000.0,20-05-2020 22:52,530,,How #Corona turned somebodyâs life track and now forced into do like this kind of tuff job..! #Report #Mumbai #labour #work #jobsearch @mumbaitak @TanushreePande @sahiljoshii https://twitter.com/sardesairajdeep/status/1263117331682582528Â â¦,"['#corona', '#report', '#mumbai', '#labour', '#work', '#jobsearch']",[],1487553457.0,1487553457.0,AdriftRider,Prashanth Bhat (AdriftRider),3,22,https://twitter.com/AdriftRider/status/1263158227350556674,False,0,0,0,https://twitter.com/sardesairajdeep/status/1263117331682582528,(corona OR coronavirus OR covid OR pandemic OR lockdown OR quarantine OR covid-19 OR ppe),,"28.5934,77.2223,2000km",,,,,"[{'user_id': '1487553457', 'username': 'AdriftRider'}, {'user_id': '944460562540273664', 'username': 'mumbaitak'}, {'user_id': '2559281330', 'username': 'TanushreePande'}, {'user_id': '107646921', 'username': 'sahiljoshii'}]",,,,,corona   turn   somebodi   life   track   forc   like   kind   tuff   job   report   mumbai   labour   work   jobsearch  ,-1
1424,1424,1424,1.26314e+18,1.26314e+18,1589990000000.0,20-05-2020 21:56,530,,"Keep yourself motivated towards fitness.
#exercise #workout #lockdown #iamalokshandilya #gharbaithoindia #quarantine #fyp #askme @imVkohli @Riteishd @akshaykumar","['#exercise', '#workout', '#lockdown', '#iamalokshandilya', '#gharbaithoindia', '#quarantine', '#fyp', '#askme']",[],185269506.0,185269506.0,ialokshandilya,Alok Kumar,3,21,https://twitter.com/ialokshandilya/status/1263144172111851520,False,2,0,0,,(corona OR coronavirus OR covid OR pandemic OR lockdown OR quarantine OR covid-19 OR ppe),,"28.5934,77.2223,2000km",,,,,"[{'user_id': '185269506', 'username': 'ialokshandilya'}, {'user_id': '71201743', 'username': 'imVkohli'}, {'user_id': '57998991', 'username': 'Riteishd'}, {'user_id': '31348594', 'username': 'akshaykumar'}]",,,,,keep   motiv   toward   fit   exercis   workout   lockdown   iamalokshandilya   gharbaithoindia   quarantin   fyp   askm  ,1
1504,1504,1504,1.26314e+18,1.26314e+18,1589990000000.0,20-05-2020 21:38,530,,"50 days of working in #lockdown
#WorkFromHome pic.twitter.com/vH8B0TqPT5","['#lockdown', '#workfromhome']",[],7.71357e+17,7.71357e+17,SiddhiJain3301,Siddhi Jain,3,21,https://twitter.com/SiddhiJain3301/status/1263139449468325890,False,4,0,0,,(corona OR coronavirus OR covid OR pandemic OR lockdown OR quarantine OR covid-19 OR ppe),,"28.5934,77.2223,2000km",,,,,"[{'user_id': '771356649059602432', 'username': 'SiddhiJain3301'}]",,,,,day   work   lockdown   workfromhom  ,1
1537,1537,1537,1.26314e+18,1.26314e+18,1589990000000.0,20-05-2020 21:29,530,,"Various ways how #covid19 has changed our #lives permanently. #Embracing the #newnormal !

#postcovid19 #pandemic #worklife #SocialDistancing
@WorldSkillsInd @MSDESkillIndia @DrMNPandeyMP @NSDCINDIA @PMOIndia pic.twitter.com/niZuo6Xgys","['#covid19', '#lives', '#embracing', '#newnormal', '#postcovid19', '#pandemic', '#worklife', '#socialdistancing']",[],7.78308e+17,7.78308e+17,skillthsc,THSC,3,21,https://twitter.com/skillthsc/status/1263137352802635776,False,2,0,1,,(corona OR coronavirus OR covid OR pandemic OR lockdown OR quarantine OR covid-19 OR ppe),,"28.5934,77.2223,2000km",,,,,"[{'user_id': '778308251532132352', 'username': 'skillthsc'}, {'user_id': '2988978855', 'username': 'WorldSkillsInd'}, {'user_id': '3363945117', 'username': 'MSDESkillIndia'}, {'user_id': '2436708865', 'username': 'DrMNPandeyMP'}, {'user_id': '301398093', 'username': 'NSDCINDIA'}, {'user_id': '471741741', 'username': 'PMOIndia'}]",,,,,variou   way   covid   chang   life   perman   embrac   newnorm   postcovid   pandem   worklif   socialdistanc  ,-1
1560,1560,1560,1.26354e+18,1.26354e+18,1590090000000.0,21-05-2020 23:59,530,,"The best, isnât it? Is anybody really starting to enjoy this #workingfromhome phase or is it just me? 
#Happiest #Covid_19 #coronavirus #Netflix & #chill pic.twitter.com/Wm357Tl4Xw","['#workingfromhome', '#happiest', '#covid_19', '#coronavirus', '#netflix', '#chill']",[],3987885089.0,3987885089.0,ShwethaVasan,shwetha vasan,4,23,https://twitter.com/ShwethaVasan/status/1263537342515535872,False,0,0,0,,(corona OR coronavirus OR covid OR pandemic OR lockdown OR quarantine OR covid-19 OR ppe),,"28.5934,77.2223,2000km",,,,,"[{'user_id': '3987885089', 'username': 'ShwethaVasan'}]",,,,,best   anybodi   realli   start   enjoy   workingfromhom   phase   happiest   covid   coronaviru   netflix   chill  ,-1
1680,1680,1680,1.26353e+18,1.26353e+18,1590080000000.0,21-05-2020 23:11,530,,"""No one is perfect - thatâs why pencils have erasers."" - Wolfgang Riebe, Keynote Speaker/Magician. Music: comethru by @jeremyzucker ð
#workoutmotivation #workoutathome #fitme #lovewhatyoudo #respectyourbody #stayhome #lockdown #weshallpassittogether #missinggym #workout pic.twitter.com/VCAbeDwJGp","['#workoutmotivation', '#workoutathome', '#fitme', '#lovewhatyoudo', '#respectyourbody', '#stayhome', '#lockdown', '#weshallpassittogether', '#missinggym', '#workout']",[],123830705.0,123830705.0,GautamKhurana28,Gautam Khurana,4,23,https://twitter.com/GautamKhurana28/status/1263525292041068545,False,3,0,0,,(corona OR coronavirus OR covid OR pandemic OR lockdown OR quarantine OR covid-19 OR ppe),,"28.5934,77.2223,2000km",,,,,"[{'user_id': '123830705', 'username': 'GautamKhurana28'}, {'user_id': '451119120', 'username': 'jeremyzucker'}]",,,,,one   perfect   pencil   eras   wolfgang   rieb   keynot   speaker   magician   music   comethru   workoutmotiv   workoutathom   fitm   lovewhatyoudo   respectyourbodi   stayhom   lockdown   weshallpassittogeth   missinggym   workout  ,-1
1994,1994,1994,1.2635e+18,1.2635e+18,1590080000000.0,21-05-2020 21:48,530,,"Various ways how #covid19 has changed our #lives permanently. #Embracing the #newnormal !
#postcovid19 #pandemic #worklife
@WorldSkillsInd @skill_india_official @DrMNPandeyMP @PMOIndia @NSDCINDIA pic.twitter.com/qrbA3x6oiA","['#covid19', '#lives', '#embracing', '#newnormal', '#postcovid19', '#pandemic', '#worklife']",[],7.78308e+17,7.78308e+17,skillthsc,THSC,4,21,https://twitter.com/skillthsc/status/1263504381330292737,False,3,0,1,,(corona OR coronavirus OR covid OR pandemic OR lockdown OR quarantine OR covid-19 OR ppe),,"28.5934,77.2223,2000km",,,,,"[{'user_id': '778308251532132352', 'username': 'skillthsc'}, {'user_id': '2988978855', 'username': 'WorldSkillsInd'}, {'user_id': '2436708865', 'username': 'DrMNPandeyMP'}, {'user_id': '471741741', 'username': 'PMOIndia'}, {'user_id': '301398093', 'username': 'NSDCINDIA'}]",,,,,variou   way   covid   chang   life   perman   embrac   newnorm   postcovid   pandem   worklif  ,-1
2020,2020,2020,1.2635e+18,1.2635e+18,1590080000000.0,21-05-2020 21:42,530,,"WATER SPLASH !!!...... : 2
_
_
Being bored leads to this ðð
Guys dont waste your quarantine time n, its the time to work on your passion 
#workonyourpassion at home. 
#createathome
_
_
_
Sharing some BTS:
ð¹Takeâ¦  https://www.instagram.com/p/CAdMggRhaYv/?igshid=zegdb7pz4i0iÂ â¦","['#workonyourpassion', '#createathome']",[],1.23188e+18,1.23188e+18,hinger_ayush,Ayush Hinger,4,21,https://twitter.com/hinger_ayush/status/1263503021646000128,False,0,0,0,,(corona OR coronavirus OR covid OR pandemic OR lockdown OR quarantine OR covid-19 OR ppe),,"28.5934,77.2223,2000km",,,,,"[{'user_id': '1231875026581782528', 'username': 'hinger_ayush'}]",,,,,water   splash   bore   lead   guy   dont   wast   quarantin   time   n   time   work   passion   workonyourpass   home   createathom   share   bt   take  ,1
2545,2545,2545,1.26387e+18,1.26387e+18,1590170000000.0,22-05-2020 22:06,530,,"Work From Home is dead, long live Work From Anywhere â TechCrunch  https://techcrunch.com/2020/05/18/work-from-home-is-dead-long-live-work-from-anywhere/Â â¦ #WFH #Dubai #Quarantine #WorkFromHome #FridayFeeling #UAE_our_HOME","['#wfh', '#dubai', '#quarantine', '#workfromhome', '#fridayfeeling', '#uae_our_home']",[],137282688.0,137282688.0,Shubhambwr,Shubham Bhandari,5,22,https://twitter.com/Shubhambwr/status/1263871484554088449,False,0,0,0,,(corona OR coronavirus OR covid OR pandemic OR lockdown OR quarantine OR covid-19 OR ppe),,"28.5934,77.2223,2000km",,,,,"[{'user_id': '137282688', 'username': 'Shubhambwr'}]",,,,,work   home   dead   long   live   work   anywher   techcrunch   wfh   dubai   quarantin   workfromhom   fridayfeel   uae   home  ,1
3035,3035,3035,1.26425e+18,1.26425e+18,1590250000000.0,23-05-2020 22:55,530,Bangalore,"F & B L Swing + Flip
16kg #Kettlebell 
.
#ekfa
.
#Staysafe ð
.
#survivor2020 #workout #Kannada #KannadaNews #Karnataka #India #COVID19Pandemic #COVID2019 #COVID #COVID19Bangalore #fitness #AarogyaSetuApp 
.
#IndiaFightsCOVID19 ð¡
.
Music ð¶ Credits - YouTube Library pic.twitter.com/fcKv7y3eTA â at Bangalore","['#kettlebell', '#ekfa', '#staysafe', '#survivor2020', '#workout', '#kannada', '#kannadanews', '#karnataka', '#india', '#covid19pandemic', '#covid2019', '#covid', '#covid19bangalore', '#fitness', '#aarogyasetuapp', '#indiafightscovid19']",[],1.09248e+18,1.09248e+18,Mr_Rajaguru,Raghava Rajaguru â¡,6,22,https://twitter.com/Mr_Rajaguru/status/1264246084815241217,False,1,0,0,,(corona OR coronavirus OR covid OR pandemic OR lockdown OR quarantine OR covid-19 OR ppe),,"28.5934,77.2223,2000km",,,,,"[{'user_id': '1092478776058003457', 'username': 'Mr_Rajaguru'}]",,,,,f   b   l   swing   flip   kg   kettlebel   ekfa   staysaf   survivor   workout   kannada   kannadanew   karnataka   india   covidpandem   covid   covid   covidbangalor   fit   aarogyasetuapp   indiafightscovid   music   credit   youtub   librari   bangalor  ,-1
3882,3882,3882,1.26459e+18,1.26459e+18,1590340000000.0,24-05-2020 21:37,530,,"We did cover basics for daily wardrobe, but what for WORK FORM HOME? 
ITS THE NEED OF THE TIME!
.
.
.
.
.
.
.
.
.
.
.
.
#wfh #workfromhome #workwear #homequarantine #Lockdown #wfhlife #fashioninfluencer #fashionistaâ¦  https://www.instagram.com/p/CAk6U0SAoMD/?igshid=1hw6s3jap8zboÂ â¦","['#wfh', '#workfromhome', '#workwear', '#homequarantine', '#lockdown', '#wfhlife', '#fashioninfluencer', '#fashionista']",[],9.82643e+17,9.82643e+17,shivdas_sumedha,Sumedha Shivdas,7,21,https://twitter.com/shivdas_sumedha/status/1264588935868669957,False,0,0,0,,(corona OR coronavirus OR covid OR pandemic OR lockdown OR quarantine OR covid-19 OR ppe),,"28.5934,77.2223,2000km",,,,,"[{'user_id': '982643010809679872', 'username': 'shivdas_sumedha'}]",,,,,cover   basic   daili   wardrob   work   form   home   need   time   wfh   workfromhom   workwear   homequarantin   lockdown   wfhlife   fashioninfluenc   fashionista  ,1
4177,4177,4177,1.26498e+18,1.26498e+18,1590430000000.0,25-05-2020 23:30,530,,"Happiness is... Not the same thing !! 
 #workfromhome #wfh #covid #happiness #happinessis #wfhroutine #routine #life #office #missingoffice #like4likes #f4f #l4l #memes #creative #illustration #memestgram @ Chennai,â¦  https://www.instagram.com/p/CAnr_kHHzoK/?igshid=t07z8gpvbaa8Â â¦","['#workfromhome', '#wfh', '#covid', '#happiness', '#happinessis', '#wfhroutine', '#routine', '#life', '#office', '#missingoffice', '#like4likes', '#f4f', '#l4l', '#memes', '#creative', '#illustration', '#memestgram']",[],141838217.0,141838217.0,cleanmyshadow,siddharthapappala,1,23,https://twitter.com/cleanmyshadow/status/1264979630534033408,False,1,0,0,,(corona OR coronavirus OR covid OR pandemic OR lockdown OR quarantine OR covid-19 OR ppe),,"28.5934,77.2223,2000km",,,,,"[{'user_id': '141838217', 'username': 'cleanmyshadow'}]",,,,,happi   thing   workfromhom   wfh   covid   happi   happinessi   wfhroutin   routin   life   offic   missingoffic   likelik   ff   meme   creativ   illustr   memestgram   chennai  ,1
4346,4346,4346,1.26497e+18,1.26497e+18,1590430000000.0,25-05-2020 22:45,530,Be Best Consultants,"It's a total #lockdown... How do I get #Study #Abroad Counseling?
Are you thinking the same - #Meet our #Counsellors #Online
#Staysafeathome

Our team is #working from #home, feel free to contact us +918985664888
#Coronavirus
#nCoronavirus #Covid20 #Bewareofcorona #Preventscorona pic.twitter.com/JnGQ8EIDBN â at Be Best Consultants","['#lockdown', '#study', '#abroad', '#meet', '#counsellors', '#online', '#staysafeathome', '#working', '#home', '#coronavirus', '#ncoronavirus', '#covid20', '#bewareofcorona', '#preventscorona']",[],54473651.0,54473651.0,mranganath,Ranganath Mummadi,1,22,https://twitter.com/mranganath/status/1264968318319857667,False,0,0,0,,(corona OR coronavirus OR covid OR pandemic OR lockdown OR quarantine OR covid-19 OR ppe),,"28.5934,77.2223,2000km",,,,,"[{'user_id': '54473651', 'username': 'mranganath'}]",,,,,total   lockdown   get   studi   abroad   counsel   think   meet   counsellor   onlin   staysafeathom   team   work   home   feel   free   contact   u   coronaviru   ncoronaviru   covid   bewareofcorona   preventscorona   best   consult  ,1
4887,4887,4887,1.26534e+18,1.26534e+18,1590520000000.0,26-05-2020 23:27,530,,"Throwback to when life was simple and we were free

#fitlife #missinggym #fatheroftwo #gymrat #gym #workout #beardlover #tattoo #punjabi #lockdown #mumbai #life @ Urban Gymnation  https://www.instagram.com/p/CAqQHaAFNJk/?igshid=tjqmn69nwc2tÂ â¦","['#fitlife', '#missinggym', '#fatheroftwo', '#gymrat', '#gym', '#workout', '#beardlover', '#tattoo', '#punjabi', '#lockdown', '#mumbai', '#life']",[],80230300.0,80230300.0,lucky2201983,Raviraj Arora,2,23,https://twitter.com/lucky2201983/status/1265341220487720960,False,1,1,0,,(corona OR coronavirus OR covid OR pandemic OR lockdown OR quarantine OR covid-19 OR ppe),,"28.5934,77.2223,2000km",,,,,"[{'user_id': '80230300', 'username': 'lucky2201983'}]",,,,,throwback   life   simpl   free   fitlif   missinggym   fatheroftwo   gymrat   gym   workout   beardlov   tattoo   punjabi   lockdown   mumbai   life   urban   gymnat  ,1
5143,5143,5143,1.26532e+18,1.26532e+18,1590510000000.0,26-05-2020 22:13,530,,"Important Answer by
Read â¤µï¸ @vipets_school â¤ï¸ð§¿
.
.
.
be_lean_withutk_wolf
#utkarsh
#soumya #philosopher #lockdown #covid19 #corona #workoutmotivation #workout #fitnessfollowers #fitkanpur #hitkanpur #staybelaaâ¦  https://www.instagram.com/p/CAqH8ekhrE9/?igshid=1bm05vnttw6wzÂ â¦","['#utkarsh', '#soumya', '#philosopher', '#lockdown', '#covid19', '#corona', '#workoutmotivation', '#workout', '#fitnessfollowers', '#fitkanpur', '#hitkanpur', '#staybelaa']",[],8.84455e+17,8.84455e+17,Saumya_utk,Saumya Gupta,2,22,https://twitter.com/Saumya_utk/status/1265322565691564033,False,2,0,0,,(corona OR coronavirus OR covid OR pandemic OR lockdown OR quarantine OR covid-19 OR ppe),,"28.5934,77.2223,2000km",,,,,"[{'user_id': '884454557308276736', 'username': 'Saumya_utk'}, {'user_id': '2997928133', 'username': 'VIPets_School'}]",,,,,import   answer   read   lean   withutk   wolf   utkarsh   soumya   philosoph   lockdown   covid   corona   workoutmotiv   workout   fitnessfollow   fitkanpur   hitkanpur   staybelaa  ,-1
5259,5259,5259,1.26532e+18,1.26532e+18,1590510000000.0,26-05-2020 21:48,530,Uran Bus Stand,"MICT Container Freight Station Uran, a diversified company of JM Baxi shipping corporation and Civil Defence Raigad facilitated hygiene kits to COVID warriors of Uran. @CollectorRaigad @atahasnain53
#wearestrongertogether #civildefence #worktogether #covidwarriors pic.twitter.com/oh72xK0Vaj â at Uran Bus Stand","['#wearestrongertogether', '#civildefence', '#worktogether', '#covidwarriors']",[],145564899.0,145564899.0,RajeshwariKori,Rajeshwari Kori,2,21,https://twitter.com/RajeshwariKori/status/1265316468528316423,False,1,0,0,,(corona OR coronavirus OR covid OR pandemic OR lockdown OR quarantine OR covid-19 OR ppe),,"28.5934,77.2223,2000km",,,,,"[{'user_id': '145564899', 'username': 'RajeshwariKori'}, {'user_id': '1093064210525745152', 'username': 'CollectorRaigad'}, {'user_id': '1568616944', 'username': 'atahasnain53'}]",,,,,mict   contain   freight   station   uran   diversifi   compani   jm   baxi   ship   corpor   civil   defenc   raigad   facilit   hygien   kit   covid   warrior   uran   wearestrongertogeth   civildef   worktogeth   covidwarrior   uran   bu   stand  ,1
5419,5419,5419,1.26531e+18,1.26531e+18,1590510000000.0,26-05-2020 21:16,530,,"The love I got from the High Peak family for making my quarantine birthday special knows no bound.Â life_at_hpsÂ #bdayboyÂ #family #work #bliss thanks for the gifts.
PS tried taggingâ¦  https://www.instagram.com/p/CAqBbvDF6ndPm4h-5zbz-z8wIt64c9IPoJcZvE0/?igshid=1arw2y07lkluxÂ â¦","['#bdayboy', '#family', '#work', '#bliss']",[],55496641.0,55496641.0,keerushek,Keerthi Shekar G,2,21,https://twitter.com/keerushek/status/1265308245415034880,False,0,0,0,,(corona OR coronavirus OR covid OR pandemic OR lockdown OR quarantine OR covid-19 OR ppe),,"28.5934,77.2223,2000km",,,,,"[{'user_id': '55496641', 'username': 'keerushek'}]",,,,,love   got   high   peak   famili   make   quarantin   birthday   special   know   bound   life   hp   bdayboy   famili   work   bliss   thank   gift   p   tri   tag  ,1
6396,6396,6396,1.26605e+18,1.26605e+18,1590690000000.0,28-05-2020 22:28,530,,"Mood = Chaotic comfort ð
#lockdown #mood #sassy #quarantine #lockdownlife #covidlife2020 #stuckathome #workfromhome #newunderstanding #newlifestyle #photooftheday #girlthings #instagood #lifestyle pic.twitter.com/3gCtGgEhcr","['#lockdown', '#mood', '#sassy', '#quarantine', '#lockdownlife', '#covidlife2020', '#stuckathome', '#workfromhome', '#newunderstanding', '#newlifestyle', '#photooftheday', '#girlthings', '#instagood', '#lifestyle']",[],49563859.0,49563859.0,shraddhamohanti,Shraddha,4,22,https://twitter.com/shraddhamohanti/status/1266051281669382145,False,5,0,0,,(corona OR coronavirus OR covid OR pandemic OR lockdown OR quarantine OR covid-19 OR ppe),,"28.5934,77.2223,2000km",,,,,"[{'user_id': '49563859', 'username': 'shraddhamohanti'}]",,,,,mood   chaotic   comfort   lockdown   mood   sassi   quarantin   lockdownlif   covidlif   stuckathom   workfromhom   newunderstand   newlifestyl   photooftheday   girlth   instagood   lifestyl  ,-1
6547,6547,6547,1.26604e+18,1.26604e+18,1590680000000.0,28-05-2020 21:44,530,,"#workout Done for the day.! Can we have mangoes ð¥­ now? 
.
.
#cycling #workout #sweat #jodhpur #summer #dehydrated #Covid_19india #emptyroads #burncalries pic.twitter.com/F32x1c1ut4","['#workout', '#cycling', '#workout', '#sweat', '#jodhpur', '#summer', '#dehydrated', '#covid_19india', '#emptyroads', '#burncalries']",[],9.5035e+17,9.5035e+17,ShreyBhandari,Shrey Bhandari,4,21,https://twitter.com/ShreyBhandari/status/1266040150263427074,False,1,1,1,,(corona OR coronavirus OR covid OR pandemic OR lockdown OR quarantine OR covid-19 OR ppe),,"28.5934,77.2223,2000km",,,,,"[{'user_id': '950350099866988546', 'username': 'ShreyBhandari'}]",,,,,workout   done   day   mango   cycl   workout   sweat   jodhpur   summer   dehydr   covid   india   emptyroad   burncalri  ,-1
6728,6728,6728,1.26603e+18,1.26603e+18,1590680000000.0,28-05-2020 20:55,530,,"Hey ya'll â¨
This time I illustrated a contemporarised kundan jwellery along with peral and beads...
#jwellery #jewelrydesigner #jewellerylover #illustrator #graphicdesign #designerslife #fashiondesigners #indoriartist #quarantine #stayhome #workfromhome #sidsmania #siddhivyas pic.twitter.com/H8UaBoD7v4","['#jwellery', '#jewelrydesigner', '#jewellerylover', '#illustrator', '#graphicdesign', '#designerslife', '#fashiondesigners', '#indoriartist', '#quarantine', '#stayhome', '#workfromhome', '#sidsmania', '#siddhivyas']",[],1.02965e+18,1.02965e+18,SiddhiVyas6,Siddhi Vyas,4,20,https://twitter.com/SiddhiVyas6/status/1266027778157182976,False,5,1,0,,(corona OR coronavirus OR covid OR pandemic OR lockdown OR quarantine OR covid-19 OR ppe),,"28.5934,77.2223,2000km",,,,,"[{'user_id': '1029646545778499584', 'username': 'SiddhiVyas6'}]",,,,,hey   ya   time   illustr   contemporaris   kundan   jwelleri   along   peral   bead   jwelleri   jewelrydesign   jewellerylov   illustr   graphicdesign   designerslif   fashiondesign   indoriartist   quarantin   stayhom   workfromhom   sidsmania   siddhivya  ,0
7107,7107,7107,1.26641e+18,1.26641e+18,1590770000000.0,29-05-2020 22:22,530,,@TheTweetOfGod God is testing all its weapons of mass destruction in 2020. #CoronaVirus #LockDown #Earthquake #CycloneAmphan #CelebDeaths #EconomicMeltdown #Recession2020 #JobCuts #MigrantCrisis #WorkFromHome #StaySafe pic.twitter.com/YqMWonCFsD,"['#coronavirus', '#lockdown', '#earthquake', '#cycloneamphan', '#celebdeaths', '#economicmeltdown', '#recession2020', '#jobcuts', '#migrantcrisis', '#workfromhome', '#staysafe']",[],109475437.0,109475437.0,VaibhavKrS,Vaibhav K Srivastava,5,22,https://twitter.com/VaibhavKrS/status/1266412135858528256,False,0,0,0,,(corona OR coronavirus OR covid OR pandemic OR lockdown OR quarantine OR covid-19 OR ppe),,"28.5934,77.2223,2000km",,,,,"[{'user_id': '109475437', 'username': 'VaibhavKrS'}, {'user_id': '204832963', 'username': 'TheTweetOfGod'}]",,,,,god   test   weapon   mass   destruct   coronaviru   lockdown   earthquak   cycloneamphan   celebdeath   economicmeltdown   recess   jobcut   migrantcrisi   workfromhom   staysaf  ,-1
7424,7424,7424,1.2668e+18,1.2668e+18,1590860000000.0,30-05-2020 23:53,530,,"Feeling of #lockdown !!

#Lockdown5point0 #SocialDistancing #Lockdown5Guidelines #CovidWarriors #coronavirus #ContainmentZones #WorkFromHome #MotivationalQuotes pic.twitter.com/bFLHq9jJtO","['#lockdown', '#lockdown5point0', '#socialdistancing', '#lockdown5guidelines', '#covidwarriors', '#coronavirus', '#containmentzones', '#workfromhome', '#motivationalquotes']",[],9.42234e+17,9.42234e+17,ArnobBiswas18,Arnob Biswas - FX MacroEconomist,6,23,https://twitter.com/ArnobBiswas18/status/1266797312652820481,False,0,0,0,,(corona OR coronavirus OR covid OR pandemic OR lockdown OR quarantine OR covid-19 OR ppe),,"28.5934,77.2223,2000km",,,,,"[{'user_id': '942233856505085953', 'username': 'ArnobBiswas18'}]",,,,,feel   lockdown   lockdownpoint   socialdistanc   lockdownguidelin   covidwarrior   coronaviru   containmentzon   workfromhom   motivationalquot  ,-1
1706,1706,1706,1.26352e+18,1.26352e+18,1590080000000.0,21-05-2020 23:05,530,,"Public Speaking Can Boost You Career With 10X Speed. 
It's The Only Skill Which Help You To Express Yourself In Front of The World.

Last Chance To Register.
RegistrationLink: https://bit.ly/courseregistration01Â â¦
#publicspeaking #Register #coronavirus #lockdown #LearnFromHome #onlinelearning","['#publicspeaking', '#register', '#coronavirus', '#lockdown', '#learnfromhome', '#onlinelearning']",[],9.35179e+17,9.35179e+17,syn_solutions_,Synonym Solutions,4,23,https://twitter.com/syn_solutions_/status/1263523892498399232,False,3,0,1,,(corona OR coronavirus OR covid OR pandemic OR lockdown OR quarantine OR covid-19 OR ppe),,"28.5934,77.2223,2000km",,,,,"[{'user_id': '935178526918979584', 'username': 'syn_solutions_'}]",,,,,public   speak   boost   career   x   speed   skill   help   express   front   world   last   chanc   regist   registrationlink   publicspeak   regist   coronaviru   lockdown   learnfromhom   onlinelearn  ,-1
2833,2833,2833,1.26426e+18,1.26426e+18,1590260000000.0,23-05-2020 23:47,530,,Today is #youthday in #TJK. Startups led by youth providing #healthconsultationa and #onlineeducation services during pandemic. Young people can demonstrate their leadership in their communities to response post #COVID19 related challenges in nearest future. pic.twitter.com/Tjwy3fClXx,"['#youthday', '#tjk', '#healthconsultationa', '#onlineeducation', '#covid19']",[],3262892154.0,3262892154.0,saidkhadzhaev,Firuz Saidkhadzhaev,6,23,https://twitter.com/saidkhadzhaev/status/1264259179222532104,False,3,0,0,,(corona OR coronavirus OR covid OR pandemic OR lockdown OR quarantine OR covid-19 OR ppe),,"28.5934,77.2223,2000km",,,,,"[{'user_id': '3262892154', 'username': 'saidkhadzhaev'}]",,,,,today   youthday   tjk   startup   led   youth   provid   healthconsultationa   onlineeduc   servic   pandem   young   peopl   demonstr   leadership   commun   respons   post   covid   relat   challeng   nearest   futur  ,-1
4346,4346,4346,1.26497e+18,1.26497e+18,1590430000000.0,25-05-2020 22:45,530,Be Best Consultants,"It's a total #lockdown... How do I get #Study #Abroad Counseling?
Are you thinking the same - #Meet our #Counsellors #Online
#Staysafeathome

Our team is #working from #home, feel free to contact us +918985664888
#Coronavirus
#nCoronavirus #Covid20 #Bewareofcorona #Preventscorona pic.twitter.com/JnGQ8EIDBN â at Be Best Consultants","['#lockdown', '#study', '#abroad', '#meet', '#counsellors', '#online', '#staysafeathome', '#working', '#home', '#coronavirus', '#ncoronavirus', '#covid20', '#bewareofcorona', '#preventscorona']",[],54473651.0,54473651.0,mranganath,Ranganath Mummadi,1,22,https://twitter.com/mranganath/status/1264968318319857667,False,0,0,0,,(corona OR coronavirus OR covid OR pandemic OR lockdown OR quarantine OR covid-19 OR ppe),,"28.5934,77.2223,2000km",,,,,"[{'user_id': '54473651', 'username': 'mranganath'}]",,,,,total   lockdown   get   studi   abroad   counsel   think   meet   counsellor   onlin   staysafeathom   team   work   home   feel   free   contact   u   coronaviru   ncoronaviru   covid   bewareofcorona   preventscorona   best   consult  ,1
4596,4596,4596,1.26495e+18,1.26495e+18,1590420000000.0,25-05-2020 21:49,530,,"DAY 0â£1â£
21 Powerful âI am Statements âfor next 21 days to build a great Habit....because You are What You Think ð and How You Think ð¤ Daily !!
#ActionCOACH #vishalchavan #actioncoachindia #onlinemeeting #bevocalforlocals #lockdown #digitalmarketing #wfh
#IndiaFightsCorona pic.twitter.com/3UpxznzY3f","['#actioncoach', '#vishalchavan', '#actioncoachindia', '#onlinemeeting', '#bevocalforlocals', '#lockdown', '#digitalmarketing', '#wfh', '#indiafightscorona']",[],1.22032e+18,1.22032e+18,businesscoachvc,Vishal Chavan,1,21,https://twitter.com/businesscoachvc/status/1264954218101833740,False,0,1,0,,(corona OR coronavirus OR covid OR pandemic OR lockdown OR quarantine OR covid-19 OR ppe),,"28.5934,77.2223,2000km",,,,,"[{'user_id': '1220321495169323010', 'username': 'businesscoachvc'}]",,,,,day   power   statement   next   day   build   great   habit   think   think   daili   actioncoach   vishalchavan   actioncoachindia   onlinemeet   bevocalforloc   lockdown   digitalmarket   wfh   indiafightscorona  ,1
4611,4611,4611,1.26495e+18,1.26495e+18,1590420000000.0,25-05-2020 21:46,530,,"21 Powerful âI am Statements âfor next 21 days to build a great Habit....because You are What You Think ð and How You Think ð¤ Daily !!
. . 
#ActionCOACH #vishalchavan #actioncoachindia #onlinemeeting #webinar #sme #bevocalforlocals #lockdown #IndiaFightsCorona #nevertoolate pic.twitter.com/MboWrAPbFS","['#actioncoach', '#vishalchavan', '#actioncoachindia', '#onlinemeeting', '#webinar', '#sme', '#bevocalforlocals', '#lockdown', '#indiafightscorona', '#nevertoolate']",[],1.22032e+18,1.22032e+18,businesscoachvc,Vishal Chavan,1,21,https://twitter.com/businesscoachvc/status/1264953598456270851,False,0,0,0,,(corona OR coronavirus OR covid OR pandemic OR lockdown OR quarantine OR covid-19 OR ppe),,"28.5934,77.2223,2000km",,,,,"[{'user_id': '1220321495169323010', 'username': 'businesscoachvc'}]",,,,,power   statement   next   day   build   great   habit   think   think   daili   actioncoach   vishalchavan   actioncoachindia   onlinemeet   webinar   sme   bevocalforloc   lockdown   indiafightscorona   nevertool  ,1
5843,5843,5843,1.26568e+18,1.26568e+18,1590600000000.0,27-05-2020 21:58,530,,Learn Health and clinical procedures #techhealth #Doctor #icantbreathe #chinaindiaborder #COVID__19 #lockdown #OnlineClass pic.twitter.com/MXinq7Un7o,"['#techhealth', '#doctor', '#icantbreathe', '#chinaindiaborder', '#covid__19', '#lockdown', '#onlineclass']",[],9.49646e+17,9.49646e+17,Techhealth99,Dr Rabnawaz Khan,3,21,https://twitter.com/Techhealth99/status/1265681350209740801,False,0,0,0,,(corona OR coronavirus OR covid OR pandemic OR lockdown OR quarantine OR covid-19 OR ppe),,"28.5934,77.2223,2000km",,,,,"[{'user_id': '949645912795566081', 'username': 'Techhealth99'}]",,,,,learn   health   clinic   procedur   techhealth   doctor   icantbreath   chinaindiabord   covid   lockdown   onlineclass  ,-1
5883,5883,5883,1.26568e+18,1.26568e+18,1590600000000.0,27-05-2020 21:46,530,,"#Covid_19 #Nepal #onlinekhabar #ekantipur @Annapurna_Post @kpsharmaoli @PM_Nepal @hamrorabi @cmprachanda we,all students r mentally disturbed by postponed NEBexam.I request our gov. heartly to take heavy action as nthg is superior than rules&law,exam isn't precious than stds life pic.twitter.com/BaIRjJxH1z","['#covid_19', '#nepal', '#onlinekhabar', '#ekantipur']",[],1.26447e+18,1.26447e+18,YubrajBasnet20,Yubraj Basnet,3,21,https://twitter.com/YubrajBasnet20/status/1265678159262830592,False,1,0,0,,(corona OR coronavirus OR covid OR pandemic OR lockdown OR quarantine OR covid-19 OR ppe),,"28.5934,77.2223,2000km",,,,,"[{'user_id': '1264469677654151168', 'username': 'YubrajBasnet20'}, {'user_id': '1568130360', 'username': 'Annapurna_Post'}, {'user_id': '2835736254', 'username': 'kpsharmaoli'}, {'user_id': '3241480459', 'username': 'PM_Nepal'}, {'user_id': '67387920', 'username': 'hamrorabi'}, {'user_id': '4660585155', 'username': 'cmprachanda'}]",,,,,covid   nepal   onlinekhabar   ekantipur   student   r   mental   disturb   postpon   nebexam   request   gov   heartli   take   heavi   action   nthg   superior   rule   law   exam   preciou   std   life  ,1
6112,6112,6112,1.26566e+18,1.26566e+18,1590590000000.0,27-05-2020 20:43,530,,"Visit our stores or shop online 

 http://www.hardevopticlas.comÂ  

Call : 81 30 52 52 52

#Hardev #opticals #optometrist #optometry #online #quarantine #eyewear #eyeglasses #trending #india #2020â¦  https://www.instagram.com/p/CAsifpbB1_VQFQ5BER0fh3H90lrWTqsVs2yQ2M0/?igshid=1mugzkhkd24mpÂ â¦","['#hardev', '#opticals', '#optometrist', '#optometry', '#online', '#quarantine', '#eyewear', '#eyeglasses', '#trending', '#india']",[],34897814.0,34897814.0,manmeeteye,Manmeet Singh,3,20,https://twitter.com/manmeeteye/status/1265662424000036864,False,0,0,0,,(corona OR coronavirus OR covid OR pandemic OR lockdown OR quarantine OR covid-19 OR ppe),,"28.5934,77.2223,2000km",,,,,"[{'user_id': '34897814', 'username': 'manmeeteye'}]",,,,,visit   store   shop   onlin   call   hardev   optic   optometrist   optometri   onlin   quarantin   eyewear   eyeglass   trend   india  ,1
6454,6454,6454,1.26605e+18,1.26605e+18,1590680000000.0,28-05-2020 22:12,530,,"DAY 0â£4â£
21 Powerful âI am Statements âfor next 21 days to build a great Habit....because You are What You Think ð and How You Think ð¤ Daily !!
#ActionCOACH #vishalchavan #vishalchavanbusinessoaching #actioncoachindia #onlinemeeting #bevocalforlocals #lockdown #businessinsider pic.twitter.com/V53KucDfwY","['#actioncoach', '#vishalchavan', '#vishalchavanbusinessoaching', '#actioncoachindia', '#onlinemeeting', '#bevocalforlocals', '#lockdown', '#businessinsider']",[],1.22032e+18,1.22032e+18,businesscoachvc,Vishal Chavan,4,22,https://twitter.com/businesscoachvc/status/1266047273538064384,False,0,0,0,,(corona OR coronavirus OR covid OR pandemic OR lockdown OR quarantine OR covid-19 OR ppe),,"28.5934,77.2223,2000km",,,,,"[{'user_id': '1220321495169323010', 'username': 'businesscoachvc'}]",,,,,day   power   statement   next   day   build   great   habit   think   think   daili   actioncoach   vishalchavan   vishalchavanbusinessoach   actioncoachindia   onlinemeet   bevocalforloc   lockdown   businessinsid  ,1
6581,6581,6581,1.26604e+18,1.26604e+18,1590680000000.0,28-05-2020 21:32,530,,"Follow for What yoy want Unseen Combo Offer At reasonable Price 
Enjoy Lockdown 
Ask for more Offers 
Follow @BarterInventory 
Made in India Products 
#MadeinIndia #Moneyheist #moneyheistproducts #Onlineshopâ¦  https://www.instagram.com/p/CAvM62GAybE/?igshid=j9fucpbsojeÂ â¦","['#madeinindia', '#moneyheist', '#moneyheistproducts', '#onlineshop']",[],9.19647e+17,9.19647e+17,tisarta_in,tisarta.in,4,21,https://twitter.com/tisarta_in/status/1266037190640926720,False,0,0,0,,(corona OR coronavirus OR covid OR pandemic OR lockdown OR quarantine OR covid-19 OR ppe),,"28.5934,77.2223,2000km",,,,,"[{'user_id': '919646544655089665', 'username': 'tisarta_in'}]",,,,,follow   yoy   want   unseen   combo   offer   reason   price   enjoy   lockdown   ask   offer   follow   made   india   product   madeinindia   moneyheist   moneyheistproduct   onlineshop  ,-1
6926,6926,6926,1.26643e+18,1.26643e+18,1590770000000.0,29-05-2020 23:14,530,,"Virtual Zumba Sessions (Workout from your Home)
3rd June Onwards
Every Mon-Wed-Fri
7.30pm To 8.30pm
Book your spot ð8668647321
.
.
.

#zumbaindia #zumba #thedancedapper #quarantine #virtual #online #registerâ¦  https://www.instagram.com/p/CAx9VMdFdOx/?igshid=shvrtvnwoz54Â â¦","['#zumbaindia', '#zumba', '#thedancedapper', '#quarantine', '#virtual', '#online', '#register']",[],3316983186.0,3316983186.0,thedancedapper,Puneet Sharma,5,23,https://twitter.com/thedancedapper/status/1266425127778037760,False,0,0,0,,(corona OR coronavirus OR covid OR pandemic OR lockdown OR quarantine OR covid-19 OR ppe),,"28.5934,77.2223,2000km",,,,,"[{'user_id': '3316983186', 'username': 'thedancedapper'}]",,,,,virtual   zumba   session   workout   home   rd   june   onward   everi   mon   wed   fri   pm   pm   book   spot   zumbaindia   zumba   thedancedapp   quarantin   virtual   onlin   regist  ,1
7672,7672,7672,1.26678e+18,1.26678e+18,1590860000000.0,30-05-2020 22:43,530,, https://youtu.be/SVQwf2M4Rg0Â  Fighterspedia self defense online training new video #distancelearning #digital #selfdefence #karate #education #Entrepreneur #kyoshinawaldutta #onlinelearning #innovation #karateonline #lockdown #usetime #fighterspedia,"['#distancelearning', '#digital', '#selfdefence', '#karate', '#education', '#entrepreneur', '#kyoshinawaldutta', '#onlinelearning', '#innovation', '#karateonline', '#lockdown', '#usetime', '#fighterspedia']",[],2524735736.0,2524735736.0,SND9936,Kyoshi Nawal Dutta,6,22,https://twitter.com/SND9936/status/1266779659523391489,False,0,0,0,,(corona OR coronavirus OR covid OR pandemic OR lockdown OR quarantine OR covid-19 OR ppe),,"28.5934,77.2223,2000km",,,,,"[{'user_id': '2524735736', 'username': 'SND9936'}]",,,,,fighterspedia   self   defens   onlin   train   new   video   distancelearn   digit   selfdef   karat   educ   entrepreneur   kyoshinawaldutta   onlinelearn   innov   karateonlin   lockdown   usetim   fighterspedia  ,1
